-- phpMyAdmin SQL Dump
-- version 5.2.1
-- https://www.phpmyadmin.net/
--
-- Хост: 127.0.0.1
-- Время создания: Окт 21 2023 г., 11:40
-- Версия сервера: 10.4.28-MariaDB
-- Версия PHP: 8.0.28

SET SQL_MODE = "NO_AUTO_VALUE_ON_ZERO";
START TRANSACTION;
SET time_zone = "+00:00";


/*!40101 SET @OLD_CHARACTER_SET_CLIENT=@@CHARACTER_SET_CLIENT */;
/*!40101 SET @OLD_CHARACTER_SET_RESULTS=@@CHARACTER_SET_RESULTS */;
/*!40101 SET @OLD_COLLATION_CONNECTION=@@COLLATION_CONNECTION */;
/*!40101 SET NAMES utf8mb4 */;

--
-- База данных: `best_med`
--

-- --------------------------------------------------------

--
-- Структура таблицы `bassen_summa`
--

CREATE TABLE `bassen_summa` (
  `id` int(11) NOT NULL,
  `price` decimal(10,0) NOT NULL
) ENGINE=InnoDB DEFAULT CHARSET=utf8mb4 COLLATE=utf8mb4_general_ci;

--
-- Дамп данных таблицы `bassen_summa`
--

INSERT INTO `bassen_summa` (`id`, `price`) VALUES
(1, 10000);

-- --------------------------------------------------------

--
-- Структура таблицы `department`
--

CREATE TABLE `department` (
  `id` int(11) NOT NULL,
  `name` varchar(255) NOT NULL
) ENGINE=InnoDB DEFAULT CHARSET=utf8mb4 COLLATE=utf8mb4_general_ci;

-- --------------------------------------------------------

--
-- Структура таблицы `direct`
--

CREATE TABLE `direct` (
  `id` int(11) NOT NULL,
  `name` varchar(600) NOT NULL,
  `bonus` decimal(10,0) NOT NULL,
  `med_id` int(11) NOT NULL,
  `filial_id` int(11) DEFAULT NULL
) ENGINE=InnoDB DEFAULT CHARSET=utf8mb4 COLLATE=utf8mb4_general_ci;

--
-- Дамп данных таблицы `direct`
--

INSERT INTO `direct` (`id`, `name`, `bonus`, `med_id`, `filial_id`) VALUES
(1, 'Shifomed', 3, 0, 1);

-- --------------------------------------------------------

--
-- Структура таблицы `district`
--

CREATE TABLE `district` (
  `id` int(11) NOT NULL,
  `region_id` int(11) DEFAULT NULL,
  `name` varchar(60) NOT NULL
) ENGINE=InnoDB DEFAULT CHARSET=utf8mb4 COLLATE=utf8mb4_general_ci;

--
-- Дамп данных таблицы `district`
--

INSERT INTO `district` (`id`, `region_id`, `name`) VALUES
(1, 1, 'Amudaryo tumani'),
(2, 1, 'Beruniy tumani'),
(3, 1, 'Kegayli tumani'),
(4, 1, 'Qonliko‘l tumani'),
(5, 1, 'Qorao‘zak tumani'),
(6, 1, 'Qo‘ng‘irot tumani'),
(7, 1, 'Mo‘ynoq tumani'),
(8, 1, 'Nukus tumani'),
(9, 1, 'Nukus shahri'),
(10, 1, 'Taxtako‘pir tumani'),
(11, 1, 'To‘rtko‘l tumani'),
(12, 1, 'Xo‘jayli tumani'),
(13, 1, 'Chimboy tumani'),
(14, 1, 'Shumanay tumani'),
(15, 1, 'Ellikqal‘a tumani'),
(16, 2, 'Andijon shahri'),
(17, 2, 'Andijon tumani'),
(18, 2, 'Asaka tumani'),
(19, 2, 'Baliqchi tumani'),
(20, 2, 'Buloqboshi tumani'),
(21, 2, 'Bo‘z tumani'),
(22, 2, 'Jalaquduq tumani'),
(23, 2, 'Izbosgan tumani'),
(24, 2, 'Qorasuv shahri'),
(25, 2, 'Qo‘rg‘ontepa tumani'),
(26, 2, 'Marhamat tumani'),
(27, 2, 'Oltinko‘l tumani'),
(28, 2, 'Paxtaobod tumani'),
(29, 2, 'Ulug‘nor tumani'),
(30, 2, 'Xonobod shahri'),
(31, 2, 'Xo‘jaobod tumani'),
(32, 2, 'Shaxrixon tumani'),
(33, 3, 'Buxoro shahri'),
(34, 3, 'Buxoro tumani'),
(35, 3, 'Vobkent tumani'),
(36, 3, 'G‘ijduvon tumani'),
(37, 3, 'Jondor tumani'),
(38, 3, 'Kogon tumani'),
(39, 3, 'Kogon shahri'),
(40, 3, 'Qorako‘l tumani'),
(41, 3, 'Qorovulbozor tumani'),
(42, 3, 'Olot tumani'),
(43, 3, 'Peshku tumani'),
(44, 3, 'Romitan tumani'),
(45, 3, 'Shofirkon tumani'),
(46, 4, 'Arnasoy tumani'),
(47, 4, 'Baxmal tumani'),
(48, 4, 'G‘allaorol tumani'),
(49, 4, 'Do‘stlik tumani'),
(50, 4, 'Sh.Rashidov tumani'),
(51, 4, 'Jizzax shahri'),
(52, 4, 'Zarbdor tumani'),
(53, 4, 'Zafarobod tumani'),
(54, 4, 'Zomin tumani'),
(55, 4, 'Mirzacho‘l tumani'),
(56, 4, 'Paxtakor tumani'),
(57, 4, 'Forish tumani'),
(58, 4, 'Yangiobod tumani'),
(59, 5, 'G‘uzor tumani'),
(60, 5, 'Dehqonobod tumani'),
(61, 5, 'Qamashi tumani'),
(62, 5, 'Qarshi tumani'),
(63, 5, 'Qarshi shahri'),
(64, 5, 'Kasbi tumani'),
(65, 5, 'Kitob tumani'),
(66, 5, 'Koson tumani'),
(67, 5, 'Mirishkor tumani'),
(68, 5, 'Muborak tumani'),
(69, 5, 'Nishon tumani'),
(70, 5, 'Chiroqchi tumani'),
(71, 5, 'Shahrisabz tumani'),
(72, 5, 'Yakkabog‘ tumani'),
(73, 6, 'Zarafshon shahri'),
(74, 6, 'Karman tumani'),
(75, 6, 'Qiziltepa tumani'),
(76, 6, 'Konimex tumani'),
(77, 6, 'Navbahor tumani'),
(78, 6, 'Navoiy shahri'),
(79, 6, 'Nurota tumani'),
(80, 6, 'Tomdi tumani'),
(81, 6, 'Uchquduq tumani'),
(82, 6, 'Xatirchi tumani'),
(83, 7, 'Kosonsoy tumani'),
(84, 7, 'Mingbuloq tumani'),
(85, 7, 'Namangan tumani'),
(86, 7, 'Namangan shahri'),
(87, 7, 'Norin tumani'),
(88, 7, 'Pop tumani'),
(89, 7, 'To‘raqo‘rg‘on tumani'),
(90, 7, 'Uychi tumani'),
(91, 7, 'Uchqo‘rg‘on tumani'),
(92, 7, 'Chortoq tumani'),
(93, 7, 'Chust tumani'),
(94, 7, 'Yangiqo‘rg‘on tumani'),
(95, 8, 'Bulung‘ur tumani'),
(96, 8, 'Jomboy tumani'),
(97, 8, 'Ishtixon tumani'),
(98, 8, 'Kattaqo‘rg‘on tumani'),
(99, 8, 'Kattaqo‘rg‘on shahri'),
(100, 8, 'Qo‘shrabot tumani'),
(101, 8, 'Narpay tumani'),
(102, 8, 'Nurabod tumani'),
(103, 8, 'Oqdaryo tumani'),
(104, 8, 'Payariq tumani'),
(105, 8, 'Pastarg‘om tumani'),
(106, 8, 'Paxtachi tumani'),
(107, 8, 'Samarqand tumani'),
(108, 8, 'Samarqand shahri'),
(109, 8, 'Toyloq tumani'),
(110, 8, 'Urgut tumani'),
(112, 9, 'Angor tumani'),
(113, 9, 'Boysun tumani'),
(114, 9, 'Denov tumani'),
(115, 9, 'Jarqo‘rg‘on tumani'),
(116, 9, 'Qiziriq tumani'),
(117, 9, 'Qo‘mqo‘rg‘on tumani'),
(118, 9, 'Muzrabot tumani'),
(119, 9, 'Oltinsoy tumani'),
(120, 9, 'Sariosiy tumani'),
(121, 9, 'Termiz tumani'),
(122, 9, 'Termiz shahri'),
(123, 9, 'Uzun tumani'),
(124, 9, 'Sherobod tumani'),
(125, 9, 'Sho‘rchi tumani'),
(126, 10, 'Boyovut tumani'),
(127, 10, 'Guliston tumani'),
(128, 10, 'Guliston shahri'),
(129, 10, 'Mirzaobod tumani'),
(130, 10, 'Oqoltin tumani'),
(131, 10, 'Sayxunobod tumani'),
(132, 10, 'Sardoba tumani'),
(133, 10, 'Sirdaryo tumani'),
(134, 10, 'Xavos tumani'),
(135, 10, 'Shirin shahri'),
(136, 10, 'Yangiyer shahri'),
(137, 11, 'Angiren shahri'),
(138, 11, 'Bekabod tumani'),
(139, 11, 'Bekabod shahri'),
(140, 11, 'Bo‘ka tumani'),
(141, 11, 'Bo‘stonliq tumani'),
(142, 11, 'Zangiota tumani'),
(143, 11, 'Qibray tumani'),
(144, 11, 'Quyichirchiq tumani'),
(145, 11, 'Oqqo‘rg‘on tumani'),
(146, 11, 'Olmaliq shahri'),
(147, 11, 'Ohangaron tumani'),
(148, 11, 'Parkent tumani'),
(149, 11, 'Piskent tumani'),
(150, 11, 'O‘rtachirchiq tumani'),
(151, 11, 'Chinoz tumani'),
(152, 11, 'Chirchiq shahri'),
(153, 11, 'Yuqorichirchiq tumani'),
(154, 11, 'Yangiyo‘l tumani'),
(155, 12, 'Beshariq tumani'),
(156, 12, 'Bog‘dod tumani'),
(157, 12, 'Buvayda tumani'),
(158, 12, 'Dang‘ara tumani'),
(159, 12, 'Yozyovon tumani'),
(160, 12, 'Quva tumani'),
(161, 12, 'Quvasoy shahri'),
(162, 12, 'Qo‘qon shahri'),
(163, 12, 'Qo‘shtepa tumani'),
(164, 12, 'Marg‘ilon shahri'),
(165, 12, 'Oltiariq tumani'),
(166, 12, 'Rishton tumani'),
(167, 12, 'So‘x tumani'),
(168, 12, 'Toshloq tumani'),
(169, 12, 'Uchko‘prik tumani'),
(170, 12, 'O‘zbekiston tumani'),
(171, 12, 'Farg‘ona tumani'),
(172, 12, 'Farg‘ona shahri'),
(173, 12, 'Furqat tumani'),
(174, 13, 'Bog‘ot tumani'),
(175, 13, 'Gurlan tumani'),
(176, 13, 'Qo‘shko‘pir tumani'),
(177, 13, 'Urganch tumani'),
(178, 13, 'Urganch shahri'),
(179, 13, 'Xiva tumani'),
(180, 13, 'Xazarasp tumani'),
(181, 13, 'Xonqa tumani'),
(182, 13, 'Shavot tumani'),
(183, 13, 'Yangiariq tumani'),
(184, 13, 'Yangibozor tumani'),
(185, 14, 'Bektimer tumani'),
(186, 14, 'Mirzo Ulugbek tumani'),
(187, 14, 'Mirobod tumani'),
(188, 14, 'Olmazor tumani'),
(189, 14, 'Sirgali tumani'),
(190, 14, 'Uchtepa tumani'),
(191, 14, 'Yashnobod tumani'),
(192, 14, 'Chilonzor tumani'),
(193, 14, 'Shayxontohur tumani'),
(194, 14, 'Yunusobod tumani'),
(195, 14, 'Yakkasaroy tumani');

-- --------------------------------------------------------

--
-- Структура таблицы `doctor`
--

CREATE TABLE `doctor` (
  `id` int(11) NOT NULL,
  `name` varchar(300) NOT NULL,
  `category_id` int(11) DEFAULT NULL,
  `filial_id` int(11) DEFAULT NULL
) ENGINE=InnoDB DEFAULT CHARSET=utf8mb4 COLLATE=utf8mb4_general_ci;

--
-- Дамп данных таблицы `doctor`
--

INSERT INTO `doctor` (`id`, `name`, `category_id`, `filial_id`) VALUES
(1, 'Miraziz Ahmedov', 1, 1),
(2, 'Shavkat Rahmonov', 2, 1),
(3, 'Stomatolog shifokor', 3, 1);

-- --------------------------------------------------------

--
-- Структура таблицы `doctor_category`
--

CREATE TABLE `doctor_category` (
  `id` int(11) NOT NULL,
  `name` varchar(300) NOT NULL,
  `price` decimal(10,0) NOT NULL,
  `citizen_price` decimal(10,0) NOT NULL,
  `filial_id` int(11) DEFAULT NULL
) ENGINE=InnoDB DEFAULT CHARSET=utf8mb4 COLLATE=utf8mb4_general_ci;

--
-- Дамп данных таблицы `doctor_category`
--

INSERT INTO `doctor_category` (`id`, `name`, `price`, `citizen_price`, `filial_id`) VALUES
(1, 'Miraziz', 100000, 0, 1),
(2, 'Shavkat ', 120000, 0, 1),
(3, 'Stomatolog', 300000, 0, 1);

-- --------------------------------------------------------

--
-- Структура таблицы `doctor_template`
--

CREATE TABLE `doctor_template` (
  `id` int(11) NOT NULL,
  `doctor_id` int(11) NOT NULL,
  `complaint` varchar(255) NOT NULL,
  `name` varchar(255) NOT NULL,
  `medical_history` varchar(255) NOT NULL,
  `objective_vision` varchar(255) NOT NULL,
  `instrumental` varchar(255) NOT NULL,
  `diagnos` varchar(255) NOT NULL,
  `procedure` varchar(255) DEFAULT NULL,
  `recommended` varchar(255) DEFAULT NULL,
  `concomitant` varchar(255) DEFAULT NULL
) ENGINE=InnoDB DEFAULT CHARSET=utf8mb4 COLLATE=utf8mb4_general_ci;

-- --------------------------------------------------------

--
-- Структура таблицы `expense`
--

CREATE TABLE `expense` (
  `id` int(11) NOT NULL,
  `name` varchar(255) NOT NULL
) ENGINE=InnoDB DEFAULT CHARSET=utf8mb4 COLLATE=utf8mb4_general_ci;

-- --------------------------------------------------------

--
-- Структура таблицы `filial`
--

CREATE TABLE `filial` (
  `id` int(11) NOT NULL,
  `name` varchar(255) NOT NULL
) ENGINE=InnoDB DEFAULT CHARSET=utf8mb4 COLLATE=utf8mb4_general_ci;

--
-- Дамп данных таблицы `filial`
--

INSERT INTO `filial` (`id`, `name`) VALUES
(1, 'Asosiy'),
(2, '2-filial');

-- --------------------------------------------------------

--
-- Структура таблицы `inspection`
--

CREATE TABLE `inspection` (
  `id` int(11) NOT NULL,
  `name` varchar(300) NOT NULL,
  `parent_id` int(11) DEFAULT NULL,
  `price` decimal(10,0) NOT NULL,
  `citizen_price` decimal(10,0) NOT NULL,
  `type` tinyint(1) NOT NULL,
  `user_id` int(11) DEFAULT NULL,
  `category_id` int(11) DEFAULT NULL,
  `percent_bonus` int(11) DEFAULT NULL,
  `filial_id` int(11) DEFAULT NULL
) ENGINE=InnoDB DEFAULT CHARSET=utf8mb4 COLLATE=utf8mb4_general_ci;

--
-- Дамп данных таблицы `inspection`
--

INSERT INTO `inspection` (`id`, `name`, `parent_id`, `price`, `citizen_price`, `type`, `user_id`, `category_id`, `percent_bonus`, `filial_id`) VALUES
(1, 'Qon tahlili', NULL, 120000, 0, 0, 4, 1, 12, 1),
(2, 'Ekg ', NULL, 50000, 0, 0, 4, 2, 1, 1),
(3, 'Uzi', NULL, 100000, 0, 0, 9, 3, 0, 1);

-- --------------------------------------------------------

--
-- Структура таблицы `inspectionchild`
--

CREATE TABLE `inspectionchild` (
  `id` int(11) NOT NULL,
  `norm` varchar(255) DEFAULT NULL,
  `parent_id` int(11) DEFAULT NULL,
  `price` decimal(10,0) NOT NULL,
  `citizen_price` decimal(10,0) DEFAULT NULL,
  `name` varchar(255) NOT NULL,
  `file` varchar(255) NOT NULL,
  `birlik` varchar(255) DEFAULT NULL,
  `rang` varchar(255) DEFAULT NULL
) ENGINE=InnoDB DEFAULT CHARSET=utf8mb4 COLLATE=utf8mb4_general_ci;

--
-- Дамп данных таблицы `inspectionchild`
--

INSERT INTO `inspectionchild` (`id`, `norm`, `parent_id`, `price`, `citizen_price`, `name`, `file`, `birlik`, `rang`) VALUES
(1, '', 1, 0, 0, '', '', NULL, NULL),
(2, '', 2, 0, 0, '', '', NULL, NULL),
(5, '', 3, 0, 0, '', '', NULL, NULL);

-- --------------------------------------------------------

--
-- Структура таблицы `inspection_category`
--

CREATE TABLE `inspection_category` (
  `id` int(11) NOT NULL,
  `name` varchar(300) NOT NULL,
  `filial_id` int(11) DEFAULT NULL
) ENGINE=InnoDB DEFAULT CHARSET=utf8mb4 COLLATE=utf8mb4_general_ci;

--
-- Дамп данных таблицы `inspection_category`
--

INSERT INTO `inspection_category` (`id`, `name`, `filial_id`) VALUES
(1, 'Qon tahlili', 1),
(2, 'Ekg tahlili', 1),
(3, 'Uzi', 1);

-- --------------------------------------------------------

--
-- Структура таблицы `inspection_info`
--

CREATE TABLE `inspection_info` (
  `id` int(11) NOT NULL,
  `name` varchar(255) NOT NULL,
  `code` varchar(255) NOT NULL
) ENGINE=InnoDB DEFAULT CHARSET=utf8mb4 COLLATE=utf8mb4_general_ci;

--
-- Дамп данных таблицы `inspection_info`
--

INSERT INTO `inspection_info` (`id`, `name`, `code`) VALUES
(1, 'Болезни век, слезных путей и глазницы', 'H00-H06'),
(2, 'Болезни конъюнктивы', 'H10-H13'),
(3, 'Болезни склеры, роговицы, радужной оболочки и цилиарного тела', 'H15-H22'),
(4, 'Болезни хрусталика', 'H25-H28'),
(5, 'Болезни сосудистой оболочки и сетчатки', 'H50-H56'),
(6, 'Глаукома', 'H50-H52'),
(7, 'Болезни стекловидного тела и глазного яблока', 'H53-H55'),
(8, 'Болезни зрительного нерва и зрительных путей', 'H56-H58'),
(9, 'Болезни мышц глаза, нарушения содружественного движения глаз, аккомодации и рефракции', 'H59-H52'),
(10, 'Зрительные расстройства и слепота', 'H53-H54'),
(11, 'Другие болезни глаза и его придаточного аппарата', 'H55-H59');

-- --------------------------------------------------------

--
-- Структура таблицы `inspection_info_child`
--

CREATE TABLE `inspection_info_child` (
  `id` int(11) NOT NULL,
  `name` varchar(255) NOT NULL,
  `info_id` int(11) NOT NULL,
  `code` varchar(255) NOT NULL
) ENGINE=InnoDB DEFAULT CHARSET=utf8mb4 COLLATE=utf8mb4_general_ci;

--
-- Дамп данных таблицы `inspection_info_child`
--

INSERT INTO `inspection_info_child` (`id`, `name`, `info_id`, `code`) VALUES
(1, 'Гардеолум и халазион', 1, 'H00'),
(2, 'Другие воспаления век', 1, 'H01'),
(3, 'Другие болезни век', 1, 'H02'),
(4, 'Поражения века при болезнях, классифицированных в других рубриках', 1, 'H03'),
(5, 'Болезни слезного аппарата', 1, 'H04'),
(6, 'Болезни глазницы', 1, 'H05'),
(7, 'Поражения слезного аппарата и глазницы при болезнях, классифицированных в других рубриках', 1, 'H06'),
(8, 'Конъюнктивит', 2, 'H10'),
(9, 'Другие болезни конъюнктивы', 2, 'H11'),
(10, 'Поражения конъюнктивы при болезнях, классифицированных в других рубриках', 2, 'H13'),
(11, 'Болезни склеры', 3, 'H15'),
(12, 'Кератит', 3, 'H16'),
(13, 'Рубцы и помутнение роговицы', 3, 'H17'),
(14, 'Другие болезни роговицы', 3, 'H18'),
(15, 'Поражения склеры и роговицы при болезнях, классифицированных в других рубриках', 3, 'H19'),
(16, 'Иридоциклит', 3, 'H20'),
(17, 'Другие болезни радужной оболочки и цилиарного тела', 3, 'H21'),
(18, 'Поражения радужной оболочки и цилиарного тела при болезнях, классифицированных в других рубриках', 3, 'H22'),
(19, 'Старческая катаракта', 4, 'H25'),
(20, 'Другие катаракты', 4, 'H26'),
(21, 'Другие болезни хрусталика', 4, 'H27'),
(22, 'Катаракта и другие поражения хрусталика при болезнях, классифицированных в других рубриках', 4, 'H28'),
(23, 'Хориоретинальное воспаление', 5, 'H50'),
(24, 'Другие болезни сосудистой оболочки глаза', 5, 'H51'),
(25, 'Хориоретинальные нарушения при болезнях, классифицированных в других рубриках', 5, 'H52'),
(26, 'Отслойка и разрыв сетчатки', 5, 'H53'),
(27, 'Окклюзия сосудов сетчатки', 5, 'H54'),
(28, 'Другие болезни сетчатки', 5, 'H55'),
(29, 'Поражения сетчатки при болезнях, классифицированных в других рубриках', 5, 'H56'),
(30, 'Глаукома', 6, 'H50'),
(31, 'Глаукома при болезнях, классифицированных в других рубриках', 6, 'H52'),
(32, 'Болезни стекловидного тела', 7, 'H53'),
(33, 'Болезни глазного яблока', 7, 'H54'),
(34, 'Поражения стекловидного тела и глазного яблока при болезнях, классифицированных в других рубриках', 7, 'H55'),
(35, 'Неврит зрительного нерва', 8, 'H56'),
(36, 'Другие болезни зрительного (2-го) нерва и зрительных путей', 8, 'H57'),
(37, 'Поражения зрительного (2-го) нерва и зрительных путей при болезнях, классифицированных в других рубриках', 8, 'H58'),
(38, 'Паралитическое косоглазие', 9, 'H59'),
(39, 'Другие формы косоглазия', 9, 'H50'),
(40, 'Другие нарушения содружественного движения глаз', 9, 'H59'),
(41, 'Нарушения рефракции и аккомодации', 9, 'H50'),
(42, 'Расстройства зрения', 10, 'H51'),
(43, 'Слепота и пониженное зрение', 10, 'H52'),
(44, 'Нистагм и другие непроизвольные движения глаз', 11, 'H53'),
(45, 'Другие болезни глаза и придаточного аппарата', 11, 'H53'),
(46, 'Другие поражения глаза и его придаточного аппарата при болезнях, классифицированных в других рубриках', 11, 'H54'),
(47, 'Поражения глаза и его придаточного аппарата после медицинских процедур', 11, 'H55');

-- --------------------------------------------------------

--
-- Структура таблицы `inspection_info_child2`
--

CREATE TABLE `inspection_info_child2` (
  `id` int(11) NOT NULL,
  `name` varchar(255) NOT NULL,
  `info_child_id` int(11) DEFAULT NULL,
  `code` varchar(255) NOT NULL
) ENGINE=InnoDB DEFAULT CHARSET=utf8mb4 COLLATE=utf8mb4_general_ci;

--
-- Дамп данных таблицы `inspection_info_child2`
--

INSERT INTO `inspection_info_child2` (`id`, `name`, `info_child_id`, `code`) VALUES
(1, 'Гордеолум и другие глубокие воспаления век', 0, 'H00.0'),
(2, 'Гордеолум и другие глубокие воспаления век', 0, 'H00.1'),
(3, 'Гордеолум и другие глубокие воспаления век', 1, 'H01.8'),
(4, 'Халазион', 1, 'H00.9'),
(5, ' Блефарит', 2, 'H01.9'),
(6, 'Неинфекционные дерматозы века', 2, 'H02.0'),
(7, 'Другие воспаления века уточненные', 2, 'H02.0'),
(8, 'Воспаление века неуточненное', 2, 'H02.1'),
(9, 'Энтропион и трихиаз века', 3, 'H02.2'),
(10, 'Эктропион века', 3, 'H02.3'),
(11, 'Лагофтальм', 3, 'H02.4'),
(12, 'Блефарохалазис', 3, 'H02.5'),
(13, 'Другие болезни, нарушающие функцию века', 3, 'H02.6'),
(14, 'Ксантелазма века', 3, 'H02.7'),
(15, 'Другие дегенеративные болезни века и окологлазной области', 3, 'H02.8'),
(16, 'Другие уточненные болезни века', 3, 'H02.9'),
(17, 'Болезнь века неуточненная', 3, 'H03.0'),
(18, 'Паразитарные болезни века при болезнях, классифицированных в других рубриках', 4, 'H03.1'),
(19, 'Поражения века при других инфекционных болезнях, классифицированных в других рубриках', 4, 'H03.8'),
(20, 'Поражения века при других болезнях, классифицированных в других рубриках', 4, 'H04.0'),
(21, 'Дакриоденит', 5, 'H04.1'),
(22, 'Другие болезни слезной железы', 5, 'H04.2'),
(23, 'Эпифора', 5, 'H04.3'),
(24, 'Острое и неуточненное воспаление слезных протоков', 5, 'H04.4'),
(25, 'Хроническое воспаление слезных протоков', 5, 'H04.5'),
(26, 'Стеноз и недостаточность слезных протоков', 5, 'H04.6'),
(27, 'Другие болезни слезного аппарата', 5, 'H04.8'),
(28, 'Болезнь слезного аппарата неуточненная', 5, 'H04.9'),
(29, 'Другие изменения слезных протоков', 5, 'H05.0'),
(30, 'Острое воспаление глазницы', 6, 'H05.1'),
(31, 'Хронические воспалительные болезни глазницы', 6, 'H05.2'),
(32, 'Экзофтальмические состояния', 6, 'H05.3'),
(33, 'Деформация глазницы', 6, 'H05.4'),
(34, 'Энофтальм', 6, 'H05.5'),
(35, 'Неудаленное давно попавшее в глазницу тело вследствие проникающего ранения глазницы', 6, 'H05.8'),
(36, 'Другие болезни глазницы', 6, 'H05.9'),
(37, 'Болезнь глазницы неуточненная', 6, 'H06.0'),
(38, 'Болезнь глазницы неуточненная', 0, 'H06.1'),
(39, 'Поражения слезного аппарата при болезнях, классифицированных в других рубриках', 7, 'H06.2'),
(40, 'Паразитарная инвазия глазницы при болезнях, классифицированных в других рубриках', 7, 'H06.3'),
(41, 'Экзофтальм при нарушении функции щитовидной железы (Е05. -)', 7, 'H10.0'),
(42, 'Другие поражения глазницы при болезнях, классифицированных в других рубриках', 7, 'H10.1'),
(43, 'Другие поражения глазницы при болезнях, классифицированных в других рубриках', 0, 'H10.2'),
(44, 'Слизисто-гнойный конъюнктивит', 8, 'H10.0'),
(45, 'Острый атопический конъюнктивит', 8, 'H10.1'),
(46, 'Другие острые конъюнктивиты', 8, 'H10.2'),
(47, 'Острый конъюнктивит неуточненный', 8, 'H10.3'),
(48, 'Хронический конъюнктивит', 8, 'H10.4'),
(49, 'Блефароконъюнктивит', 8, 'H10.5'),
(50, 'Другие конъюнктивиты', 8, 'H10.8'),
(51, 'Конъюнктивит неуточненный', 8, 'H10.9'),
(52, 'Птеригий', 9, 'H11.0'),
(53, 'Конъюнктивальные перерождения и отложения', 9, 'H11.1'),
(54, 'Рубцы конъюнктивы', 9, 'H11.2'),
(55, 'Конъюнктивальное кровоизлияние', 9, 'H11.3'),
(56, 'Другие конъюнктивальные васкулярные болезни и кисты', 9, 'H11.4'),
(57, 'Другие уточненные болезни конъюнктивы', 9, 'H11.8'),
(58, 'Болезнь конъюнктивы неуточненная', 9, 'H11.9'),
(59, 'Филярийная инвазия конъюнктивы (В74. -)', 10, 'H13.0'),
(60, 'Острый конъюнктивит при болезнях, классифицированных в других рубриках', 10, 'H13.1'),
(61, 'Конъюнктивит при болезнях, классифицированных в других рубриках', 10, 'H13.2'),
(62, 'Глазной пемфигоид (L12. -)', 10, 'H13.3'),
(63, 'Глазной пемфигоид (L12. -)', 0, 'H13.8'),
(64, 'Другие поражения конъюнктивы при болезнях, классифицированных в других рубриках', 10, 'H13.8'),
(65, 'Склерит', 11, 'H15.0'),
(66, 'Эписклерит', 11, 'H15.1'),
(67, 'Другие поражения склеры', 11, 'H15.8'),
(68, 'Болезнь склеры неуточненная', 11, 'H15.9'),
(69, 'Язва роговицы', 12, 'H16.0'),
(70, 'Другие поверхностные кератиты без конъюнктивита', 12, 'H16.1'),
(71, 'Кератоконъюнктивит', 12, 'H16.2'),
(72, 'Интерстициальный (стромальный) и глубокий кератит', 12, 'H16.3'),
(73, 'Неоваскуляризация роговицы', 12, 'H16.4'),
(74, 'Другие формы кератита', 12, 'H16.8'),
(75, 'Кератит неуточненный', 12, 'H16.9'),
(76, 'Другие центральные помутнения роговицы', 13, 'H17.0'),
(77, 'Другие рубцы и помутнения роговицы', 13, 'H17.1'),
(78, 'Рубцы и помутнения роговицы неуточненные', 13, 'H17.8'),
(79, 'Пигментация и отложения в роговице', 14, 'H18.0'),
(80, 'Буллезная кератопатия', 14, 'H18.1'),
(81, 'Другие отеки роговицы', 14, 'H18.2'),
(82, 'Изменения оболочек роговицы', 14, 'H18.3'),
(83, 'Дегенерация роговицы', 14, 'H18.4'),
(84, 'Наследственная дистрофия роговицы', 14, 'H18.5'),
(85, 'Кератоконус', 14, 'H18.6'),
(86, 'Другие деформации роговой оболочки', 14, 'H18.7'),
(87, 'Другие уточненные болезни роговицы', 14, 'H18.8'),
(88, 'Болезнь роговицы неуточненная', 14, 'H18.9'),
(89, 'Склерит и эписклерит при болезнях, классифицированных в других рубриках', 15, 'H19.0'),
(90, 'Кератит, обусловленный вирусом простого герпеса, и кератоконъюнктивит (В00.5)', 15, 'H19.1'),
(91, 'Кератит и кератоконъюнктивит при других инфекционных и паразитарных болезнях, классифицированных в других рубриках', 15, 'H19.2'),
(92, 'Кератит и кератоконъюнктивит при болезнях, классифицированных в других рубриках', 15, 'H19.3'),
(93, 'Другие поражения склеры и роговицы при болезнях, классифицированных в других рубриках', 15, 'H19.8'),
(94, 'Острый и подострый иридоциклит', 16, 'H20.0'),
(95, 'Хронический иридоциклит', 16, 'H20.1'),
(96, 'Иридоциклит, вызванный линзами', 16, 'H20.2'),
(97, 'Другие иридоциклиты', 16, 'H20.8'),
(98, 'Иридоциклит неуточненный', 16, 'H20.9'),
(99, 'Гифема', 17, 'H21.0'),
(100, 'Другие сосудистые болезни радужной оболочки и цилиарного тела', 17, 'H21.1'),
(101, 'Дегенерация радужной оболочки и цилиарного тела', 17, 'H21.2'),
(102, 'Киста радужной оболочки, цилиарного тела и передней камеры глаза', 17, 'H21.3'),
(103, 'Зрачковые мембраны', 17, 'H21.4'),
(104, 'Другие виды спаек и разрывов радужной оболочки и цилиарного тела', 17, 'H21.5'),
(105, 'Другие уточненные болезни радужной оболочки и цилиарного тела', 17, 'H21.8'),
(106, 'Болезнь радужной оболочки и цилиарного тела неуточненная', 17, 'H21.9'),
(107, 'Иридоциклит при инфекционных болезнях, классифицированных в других рубриках', 18, 'H22.0'),
(108, 'Иридоциклит при болезнях, классифицированных в других рубриках', 18, 'H22.1'),
(109, 'Другие поражения радужной оболочки и цилиарного тела при болезнях, классифицированных в других рубриках', 18, 'H22.8'),
(110, 'Начальная старческая катаракта', 19, 'H25.0'),
(111, 'Старческая ядерная катаракта', 19, 'H25.1'),
(112, 'Старческая морганиева катаракта', 19, 'H25.2'),
(113, 'Другие старческие катаракты', 19, 'H25.8'),
(114, 'Старческая катаракта неуточненная', 19, 'H25.9'),
(115, 'Детская, юношеская и пресенильная катаракта', 20, 'H26.0'),
(116, 'Травматическая катаракта', 20, 'H26.1'),
(117, 'Осложненная катаракта', 20, 'H26.2'),
(118, 'Катаракта, вызванная лекарственными средствами', 20, 'H26.3'),
(119, 'Вторичная катаракта', 20, 'H26.4'),
(120, 'Другая уточненная катаракта', 20, 'H26.8'),
(121, 'Катаракта неуточненная', 20, 'H26.9'),
(122, 'Афакия', 21, 'H27.0'),
(123, 'Вывих хрусталика', 21, 'H27.1'),
(124, 'Другие уточненные болезни хрусталика', 21, 'H27.8'),
(125, 'Болезнь хрусталика неуточненная', 21, 'H27.9'),
(126, 'Диабетическая катаракта (Е10-Е14 с общим четвертым знаком .3)', 22, 'H28.0'),
(127, 'Катаракта при других болезнях эндокринной системы, расстройствах питания и нарушениях обмена веществ, классифицированных в других рубриках', 22, 'H28.1'),
(128, 'Катаракта при других болезнях, классифицированных в других рубриках', 22, 'H28.2'),
(129, 'Другие поражения хрусталика при болезнях, классифицированных в других рубриках', 22, 'H28.8'),
(130, 'Очаговое хориоретинальное воспаление', 23, 'H50.0'),
(131, 'Диссеминированное хориоретинальное воспаление', 23, 'H50.1'),
(132, 'Задний циклит', 23, 'H50.2'),
(133, 'Другие хориоретинальные воспаления', 23, 'H50.8'),
(134, 'Хориоретинальное воспаление неуточненное', 23, 'H50.9'),
(135, 'Хориоретинальные рубцы', 24, 'H51.0'),
(136, 'Дегенерация сосудистой оболочки глаза', 24, 'H51.1'),
(137, 'Наследственная дистрофия сосудистой оболочки глаза', 24, 'H51.2'),
(138, 'Кровоизлияние и разрыв сосудистой оболочки глаза', 24, 'H51.3'),
(139, 'Отслойка сосудистой оболочки глаза', 24, 'H51.4'),
(140, 'Другие уточненные болезни сосудистой оболочки глаза', 24, 'H51.8'),
(141, 'Болезнь сосудистой оболочки неуточненная', 24, 'H51.9'),
(142, 'Хориоретинальное воспаление при инфекционных и паразитарных болезнях, классифицированных в других рубриках', 25, 'H52.0'),
(143, 'Другие хориоретинальные нарушения при болезнях, классифицированных в других рубриках', 25, 'H52.8'),
(144, 'Отслойка сетчатки с разрывом сетчатки', 26, 'H53.0'),
(145, 'Ретиношизис и ретинальные кисты', 26, 'H53.1'),
(146, 'Серозная отслойка сетчатки', 26, 'H53.2'),
(147, 'Ретинальные разрывы без отслойки сетчатки', 26, 'H53.3'),
(148, 'Тракционная отслойка сетчатки', 26, 'H53.4'),
(149, 'Другие формы отслойки сетчатки', 26, 'H53.5'),
(150, 'Преходящая ретинальная артериальная окклюзия', 27, 'H54.0'),
(151, 'Центральная ретинальная артериальная окклюзия', 27, 'H54.1'),
(152, 'Другие ретинальные артериальные окклюзии', 27, 'H54.2'),
(153, 'Другие ретинальные сосудистые окклюзии', 27, 'H54.8'),
(154, 'Ретинальная васкулярная окклюзия неуточненная', 27, 'H54.9'),
(155, 'Фоновая ретинопатия и ретинальные сосудистые изменения', 28, 'H55.0'),
(156, 'Преретинопатия', 28, 'H55.1'),
(157, 'Другая пролиферативная ретинопатия', 28, 'H55.2'),
(158, 'Дегенерация макулы и заднего полюса', 28, 'H55.3'),
(159, 'Периферическая ретинальная дегенерация', 28, 'H55.4'),
(160, 'Наследственные ретинальные дистрофии', 28, 'H55.5'),
(161, 'Ретинальное кровоизлияние', 28, 'H55.6'),
(162, 'Другие уточненные ретинальные нарушения', 28, 'H55.7'),
(163, 'Болезнь сетчатки неуточненная', 28, 'H55.8'),
(164, 'Диабетическая ретинопатия (Е10-Е14 с общим четвертым знаком .3)', 29, 'H55.9'),
(165, 'Другие ретинальные нарушения при болезнях, классифицированных в других рубриках', 29, 'H56.0'),
(166, 'Подозрение на глаукому', 30, 'H56.8'),
(167, 'Первичная открытоугольная глаукома', 30, 'H50.0'),
(168, 'Первичная закрытоугольная глаукома', 30, 'H50.1'),
(169, 'Глаукома вторичная посттравматическая', 30, 'H50.2'),
(170, 'Глаукома вторичная вследствие воспалительного заболевания глаза', 30, 'H50.3'),
(171, 'Глаукома вторичная вследствие других болезней глаз', 30, 'H50.4'),
(172, 'Глаукома вторичная, вызванная приемом лекарственных средств', 30, 'H50.5'),
(173, 'Другая глаукома', 30, 'H50.6'),
(174, 'Глаукома неуточненная', 30, 'H50.8'),
(175, 'Глаукома при болезнях эндокринной системы, расстройствах питания и нарушениях обмена веществ', 31, 'H50.9'),
(176, 'Глаукома при других болезнях, классифицированных в других рубриках', 31, 'H50.9'),
(177, 'Выпадение стекловидного тела (пролапс)', 32, 'H53.0'),
(178, 'Кровоизлияние в стекловидное тело', 32, 'H53.1'),
(179, 'Кристаллические отложения в стекловидном теле', 32, 'H53.2'),
(180, 'Другие помутнения стекловидного тела', 32, 'H53.3'),
(181, 'Другие болезни стекловидного тела', 32, 'H53.8'),
(182, 'Болезнь стекловидного тела неуточненная', 32, 'H53.9'),
(183, 'Гнойный эндофтальмит', 33, 'H54.0'),
(184, 'Другие эндофтальмиты', 33, 'H54.1'),
(185, 'Дегенеративная миопия', 33, 'H54.2'),
(186, 'Другие дегенеративные болезни глазного яблока', 33, 'H54.3'),
(187, 'Дегенеративные состояния глазного яблока', 33, 'H54.4'),
(188, 'Неудаленное (давно попавшее в глаз) магнитное инородное тело', 33, 'H54.5'),
(189, 'Неудаленное (давно попавшее в глаз) немагнитное инородное тело', 33, 'H54.6'),
(190, 'Другие болезни глазного яблока', 33, 'H54.7'),
(191, 'Болезнь глазного яблока неуточненная', 33, 'H54.8'),
(192, 'Кровоизлияние в стекловидное тело при болезнях, классифицированных в других рубриках', 34, 'H55.0'),
(193, 'Эндофтальмит при болезнях, классифицированных в других рубриках', 34, 'H55.1'),
(194, 'Другие поражения стекловидного тела и глазного яблока при болезнях, классифицированных в других рубриках', 34, 'H55.8'),
(195, 'Болезни зрительного нерва, не классифицированные в других рубриках', 36, 'H57.0'),
(196, 'Отек диска зрительного нерва неуточненный', 36, 'H57.1'),
(197, 'Атрофия зрительного нерва', 36, 'H57.2'),
(198, 'Другие болезни зрительного нерва', 36, 'H57.3'),
(199, 'Поражения перекрестка зрительных нервов', 36, 'H57.4'),
(200, 'Поражения других отделов зрительных путей', 36, 'H57.5'),
(201, 'Поражения зрительной корковой области', 36, 'H57.6'),
(202, 'Болезни зрительных проводящих путей неуточненные', 36, 'H57.7'),
(203, 'Атрофия зрительного нерва при болезнях, классифицированных в других рубриках', 37, 'H58.0'),
(204, 'Ретробульбарный неврит при болезнях, классифицированных в других рубриках', 37, 'H58.1'),
(205, 'Другие поражения зрительного нерва и зрительных путей при болезнях, классифицированных в других рубриках', 37, 'H58.8'),
(206, 'Паралич 3-го (глазодвигательного) нерва', 38, 'H59.0'),
(207, 'Паралич 4-го (блокового) нерва', 38, 'H59.1'),
(208, 'Паралич 6-го (отводящего) нерва', 38, 'H59.2'),
(209, 'Полная (наружная) офтальмоплегия', 38, 'H59.3'),
(210, 'Прогрессирующая наружная офтальмоплегия', 38, 'H59.4'),
(211, 'Другие паралитические косоглазия', 38, 'H59.8'),
(212, 'Паралитическое косоглазие неуточненное', 38, 'H59.9'),
(213, 'Сходящееся содружественное косоглазие', 39, 'H50.0'),
(214, 'Расходящееся содружественное косоглазие', 39, 'H50.1'),
(215, 'Вертикальное косоглазие', 39, 'H50.2'),
(216, 'Перемежающаяся гетеротропия', 39, 'H50.3'),
(217, 'Другие и неуточненные гетеротропии', 39, 'H50.4'),
(218, 'Гетерофория', 39, 'H50.5'),
(219, 'Механическое косоглазие', 39, 'H50.6'),
(220, 'Другие уточненные виды косоглазия', 39, 'H50.8'),
(221, 'Косоглазие неуточненное', 39, 'H50.9'),
(222, 'Паралич взора', 40, 'H51.0'),
(223, 'Недостаточность конвергенции (конвергенция недостаточная и избыточная)', 40, 'H51.1'),
(224, 'Внутриядерная офтальмоплегия', 40, 'H51.2'),
(225, 'Другие уточненные нарушения содружественного движения глаз', 40, 'H51.8'),
(226, 'Нарушения содружественного движения глаз неуточненное', 40, 'H51.9'),
(227, 'Гиперметропия', 41, 'H52.0'),
(228, 'Миопия', 41, 'H52.1'),
(229, 'Астигматизм', 41, 'H52.2'),
(230, 'Анизометропия и анизейкония', 41, 'H52.3'),
(231, 'Пресбиопия', 41, 'H52.4'),
(232, 'Нарушения аккомодации', 41, 'H52.5'),
(233, 'Другие нарушения рефракции', 41, 'H52.6'),
(234, 'Нарушение рефракции неуточненное', 41, 'H52.7'),
(235, 'Амблиопия вследствие анопсии', 42, 'H53.0'),
(236, 'Субъективные зрительные расстройства', 42, 'H53.1'),
(237, 'Диплопия', 42, 'H53.2'),
(238, 'Другие нарушения бинокулярного зрения', 42, 'H53.3'),
(239, 'Дефекты поля зрения', 42, 'H53.4'),
(240, 'Аномалии цветового зрения', 42, 'H53.5'),
(241, 'Ночная слепота', 42, 'H53.6'),
(242, 'Другие расстройства зрения', 42, 'H53.8'),
(243, 'Расстройство зрения неуточненное', 42, 'H53.9'),
(244, 'Слепота обоих глаз', 43, 'H54.0'),
(245, 'Слепота одного глаза, пониженное зрение другого глаза', 43, 'H54.1'),
(246, 'Пониженное зрение обоих глаз', 43, 'H54.2'),
(247, 'Неопределенная потеря зрения обоих глаз', 43, 'H54.3'),
(248, 'Слепота одного глаза', 43, 'H54.4'),
(249, 'Пониженное зрение одного глаза', 43, 'H54.5'),
(250, 'Неопределенная потеря зрения одного глаза', 43, 'H54.6'),
(251, 'Неуточненная потеря зрения', 43, 'H54.7'),
(252, 'Аномалия зрачковой фракции', 45, 'H57.0'),
(253, 'Глазная боль', 45, 'H57.1'),
(254, 'Другие неуточненные болезни глаза и его придаточного аппарата', 45, 'H57.8'),
(255, 'Нарушение глаза и его придаточного аппарата неуточненное', 45, 'H57.9'),
(256, 'Аномалии зрачковой функции при болезнях, классифицированных в других рубриках', 46, 'H58.0'),
(257, 'Нарушение зрения при болезнях, классифицированных в других рубриках', 46, 'H58.1'),
(258, 'Другие нарушения глаза и его придаточного аппарата при болезнях, классифицированных в других рубриках', 46, 'H58.8'),
(259, 'Синдром стекловидного тела после операции по поводу катаракты', 47, 'H59.0'),
(260, 'Другие поражения глаза и его придаточного аппарата после медицинских процедур', 47, 'H59.8'),
(261, 'Поражение глаза и его придаточного аппарата после медицинских процедур неуточненное', 47, 'H59.9');

-- --------------------------------------------------------

--
-- Структура таблицы `kassa_order`
--

CREATE TABLE `kassa_order` (
  `id` int(11) NOT NULL,
  `expense_id` int(11) NOT NULL,
  `date_time` varchar(255) DEFAULT NULL,
  `type` varchar(255) NOT NULL,
  `pay_type` varchar(255) NOT NULL,
  `price` decimal(10,0) NOT NULL,
  `comment` varchar(255) DEFAULT NULL,
  `filial_id` int(11) DEFAULT 0,
  `kasser_id` int(11) DEFAULT 0,
  `user_id` int(11) DEFAULT 0
) ENGINE=InnoDB DEFAULT CHARSET=utf8mb4 COLLATE=utf8mb4_general_ci;

-- --------------------------------------------------------

--
-- Структура таблицы `kirish_summa`
--

CREATE TABLE `kirish_summa` (
  `id` int(11) NOT NULL,
  `odam_price` decimal(10,0) NOT NULL,
  `moshina_price` decimal(10,0) NOT NULL
) ENGINE=InnoDB DEFAULT CHARSET=utf8mb4 COLLATE=utf8mb4_general_ci;

--
-- Дамп данных таблицы `kirish_summa`
--

INSERT INTO `kirish_summa` (`id`, `odam_price`, `moshina_price`) VALUES
(1, 5000, 15000);

-- --------------------------------------------------------

--
-- Структура таблицы `med_direct`
--

CREATE TABLE `med_direct` (
  `id` int(11) NOT NULL,
  `name` varchar(600) NOT NULL,
  `bonus` decimal(10,0) NOT NULL
) ENGINE=InnoDB DEFAULT CHARSET=utf8mb4 COLLATE=utf8mb4_general_ci;

-- --------------------------------------------------------

--
-- Структура таблицы `migrations`
--

CREATE TABLE `migrations` (
  `id` int(11) NOT NULL,
  `name` varchar(255) NOT NULL,
  `run_on` datetime NOT NULL
) ENGINE=InnoDB DEFAULT CHARSET=utf8mb4 COLLATE=utf8mb4_general_ci;

--
-- Дамп данных таблицы `migrations`
--

INSERT INTO `migrations` (`id`, `name`, `run_on`) VALUES
(1, '/20211110064743-user', '2023-10-01 09:55:53'),
(2, '/20220513121053-room', '2023-10-01 09:55:53'),
(3, '/20220513121357-doctor', '2023-10-01 09:55:53'),
(4, '/20220513121736-inspector-category', '2023-10-01 09:55:54'),
(5, '/20220513121844-doctor-category', '2023-10-01 09:55:54'),
(6, '/20220523103920-Doctor-template', '2023-10-01 09:55:54'),
(7, '/20220523104904-inspectionChild', '2023-10-01 09:55:54'),
(8, '/20220523105329-inspection', '2023-10-01 09:55:54'),
(9, '/20220523110542-district', '2023-10-01 09:55:54'),
(10, '/20220523110732-patient', '2023-10-01 09:55:54'),
(11, '/20220523111253-pill', '2023-10-01 09:55:54'),
(12, '/20220523111414-queue', '2023-10-01 09:55:54'),
(13, '/20220523111832-direct', '2023-10-01 09:55:54'),
(14, '/20220523111832-region', '2023-10-01 09:55:54'),
(15, '/20220526110845-Registration', '2023-10-01 09:55:54'),
(16, '/20220526112720-Registration-doctor', '2023-10-01 09:55:54'),
(17, '/20220526113456-Registration-files', '2023-10-01 09:55:54'),
(18, '/20220526113737-Registration-inspection', '2023-10-01 09:55:55'),
(19, '/20220526114140-Registration-inspection-child', '2023-10-01 09:55:55'),
(20, '/20220526114737-Registration-recipe', '2023-10-01 09:55:55'),
(21, '/20220526115043-Registration-pay', '2023-10-01 09:55:55'),
(22, '/20220602091639-register-kassa', '2023-10-01 09:55:55'),
(23, '/20220606114221-register-doctor', '2023-10-01 09:55:55'),
(24, '/20220606114221-register-inspection', '2023-10-01 09:55:55'),
(25, '/20220617094618-kassa-order', '2023-10-01 09:55:55'),
(26, '/20220617095216-expense', '2023-10-01 09:55:55'),
(27, '/20220620115438-palata', '2023-10-01 09:55:55'),
(28, '/20220620115819-registration-palata', '2023-10-01 09:55:55'),
(29, '/20220620120421-register-palata', '2023-10-01 09:55:55'),
(30, '/20220831053037-default-region', '2023-10-01 09:55:56'),
(31, '/20220831083630-default-district', '2023-10-01 09:55:56'),
(32, '/20221024060204-registration-arxiv', '2023-10-01 09:55:56'),
(33, '/20221024063810-registration-doctor-arxiv', '2023-10-01 09:55:56'),
(34, '/20221024063829-registration-file-arxiv', '2023-10-01 09:55:56'),
(35, '/20221024063844-registration-inspection-arxiv', '2023-10-01 09:55:56'),
(36, '/20221024063854-registration-inspection-child-arxiv', '2023-10-01 09:55:56'),
(37, '/20221024063930-registration-recipe-arxiv', '2023-10-01 09:55:56'),
(38, '/20221024063954-registration-pay--arxiv', '2023-10-01 09:55:56'),
(39, '/20221024064012-registration-palata-arxiv', '2023-10-01 09:55:56'),
(40, '/20221025135349-uplata', '2023-10-01 09:55:56'),
(41, '/20221115075401-doctor-shablon', '2023-10-01 09:55:56'),
(42, '/20221202131032-inspection-info', '2023-10-01 09:55:56'),
(43, '/20221202131218-inspection-info-child', '2023-10-01 09:55:56'),
(44, '/20221202142318-inspection-info-child2', '2023-10-01 09:55:57'),
(45, '/20221202142434-defaults-inspection-info', '2023-10-01 09:55:57'),
(46, '/20221202142658-default-inspection-info-child', '2023-10-01 09:55:57'),
(47, '/20221202144803-default-inspection-info-child2', '2023-10-01 09:55:57'),
(48, '/20221206101913-register-info', '2023-10-01 09:55:57'),
(49, '/20221220112633-med-direct', '2023-10-01 09:55:57'),
(50, '/20221220120709-register-direct', '2023-10-01 09:55:57'),
(51, '/20221220120720-reagent', '2023-10-01 09:55:57'),
(52, '/20221221122527-reagent-bolim', '2023-10-01 09:55:57'),
(53, '/20221221125957-pastavchik', '2023-10-01 09:55:57'),
(54, '/20221221151438-prixod', '2023-10-01 09:55:57'),
(55, '/20221221151505-prixod-table', '2023-10-01 09:55:57'),
(56, '/20221222095545-pastavchik-pay', '2023-10-01 09:55:57'),
(57, '/20221222101850-register-supplier', '2023-10-01 09:55:57'),
(58, '/20221223133734-register-reagent', '2023-10-01 09:55:57'),
(59, '/20221223204752-department', '2023-10-01 09:55:58'),
(60, '/20221227100032-register-med-direct', '2023-10-01 09:55:58'),
(61, '/20230302174242-register-doctor-arxiv', '2023-10-01 09:55:58'),
(62, '/20230302174339-register-kassa-arxiv', '2023-10-01 09:55:58'),
(63, '/20230302174559-register-inspection-arxiv', '2023-10-01 09:55:58'),
(64, '/20230302174637-register-mkb-arxiv', '2023-10-01 09:55:58'),
(65, '/20230302174703-register-palata-arxiv', '2023-10-01 09:55:58'),
(66, '/20230302174835-register-direct-arxiv', '2023-10-01 09:55:58'),
(67, '/20230302174844-register-med-direct-arxiv', '2023-10-01 09:55:58'),
(68, '/20230323082213-palata-add-column', '2023-10-01 09:55:58'),
(69, '/20230323091337-palata-add-column-filial', '2023-10-01 09:55:58'),
(70, '/20230323091740-register-palata-add-user', '2023-10-01 09:55:58'),
(71, '/20230323091753-register-palata-add-filial', '2023-10-01 09:55:59'),
(72, '/20230323092015-tolov-add-filial', '2023-10-01 09:55:59'),
(73, '/20230323092142-tolov-arxiv-add-filial', '2023-10-01 09:55:59'),
(74, '/20230323092223-register-palata-arxiv-add-filial', '2023-10-01 09:55:59'),
(75, '/20230323092300-register-palata-arxiv-add-user', '2023-10-01 09:55:59'),
(76, '/20230410081957-register-palataADD-FIlial', '2023-10-01 09:55:59'),
(77, '/20230410082007-register-palataADD-Fili', '2023-10-01 09:55:59'),
(78, '/20230410093843-filial', '2023-10-01 09:55:59'),
(79, '/20230410093844-default-filial', '2023-10-01 09:55:59'),
(80, '/20230413051505-userAddColumn', '2023-10-01 09:55:59'),
(81, '/20230413051515-default-user', '2023-10-01 09:55:59'),
(82, '/20230413060322-roomAddFilial', '2023-10-01 09:56:00'),
(83, '/20230413125521-sori', '2023-10-01 09:56:00'),
(84, '/20230414051503-soriADDStatus', '2023-10-01 09:56:00'),
(85, '/20230414102941-register-sori', '2023-10-01 09:56:00'),
(86, '/20230416200755-templateAddText', '2023-10-01 09:56:00'),
(87, '/20230504052209-registration-palataAddUSer', '2023-10-01 09:56:00'),
(88, '/20230504052229-registration-palataAddUSerArxiv', '2023-10-01 09:56:00'),
(89, '/20230531053220-addInsChild', '2023-10-01 09:56:00'),
(90, '/20230531053222-addRegInsChild', '2023-10-01 09:56:00'),
(91, '/20230531053223-addRegInsChildArxiv', '2023-10-01 09:56:01'),
(92, '/20230531053224-addInsChildRang', '2023-10-01 09:56:01'),
(93, '/20230531053224-addRegChildRang', '2023-10-01 09:56:01'),
(94, '/20230531053224-addRegChildRangArxiv', '2023-10-01 09:56:01'),
(95, '/20230601142203-register-kirish', '2023-10-01 09:56:01'),
(96, '/20230606095418-kirish-summa', '2023-10-01 09:56:01'),
(97, '/20230606140310-default-kirish-summa', '2023-10-01 09:56:01'),
(98, '/20230606140719-addRegisterKirish', '2023-10-01 09:56:01'),
(99, '/20230617065619-addDoctorFilia', '2023-10-01 09:56:01'),
(100, '/20230617065622-addInspectionFilia', '2023-10-01 09:56:01'),
(101, '/20230617065622-addregisterKassaUser', '2023-10-01 09:56:02'),
(102, '/20230619055223-addColumnFilialDoctorCat', '2023-10-01 09:56:02'),
(103, '/20230619055223-addColumnTelshiruvBolimiFilial', '2023-10-01 09:56:02'),
(104, '/20230622080434-bassen_summa', '2023-10-01 09:56:02'),
(105, '/20230622080616-register-bassen', '2023-10-01 09:56:02'),
(106, '/20230622080622-addDirectFilial', '2023-10-01 09:56:02'),
(107, '/20230622080622-addPastavchikFilial', '2023-10-01 09:56:02'),
(108, '/20230622080622-addRegPasPayFilial', '2023-10-01 09:56:02'),
(109, '/20230622080622-addRegSupplierFilial', '2023-10-01 09:56:02'),
(110, '/20230622080622-default_bassen_summa', '2023-10-01 09:56:02'),
(111, '/20230830052550-addKassaOrder', '2023-10-01 09:56:03'),
(112, '/20230830053744-settings', '2023-10-01 09:56:03'),
(113, '/20230830120849-remove-unique-name', '2023-10-01 09:56:03'),
(114, '/20230904134038-change-settings', '2023-10-01 09:56:03'),
(115, '/20230904134040-add-column', '2023-10-01 09:56:03'),
(116, '/20230904134045-default-settings', '2023-10-01 09:56:03'),
(117, '/20230904134050-changeColumnReg', '2023-10-01 09:56:03'),
(118, '/20230904134055-changeColumnReg', '2023-10-01 09:56:03'),
(119, '/20230904134060-changeColumnRARxiv', '2023-10-01 09:56:04'),
(120, '/20230904134065-pay_direct', '2023-10-01 09:56:04'),
(121, '/20230904134070-addColumnRSupplier', '2023-10-01 09:56:04'),
(122, '/20230904134075-addColumnRegistr', '2023-10-04 16:29:32'),
(123, '/20230904134075-addInspection', '2023-10-05 15:44:29'),
(124, '/20230904134080-addColumnReagent', '2023-10-11 17:56:23'),
(126, '/20230904134085-createReagentTable', '2023-10-13 14:11:59'),
(127, '/20230904134085-addCPtable', '2023-10-13 14:34:49');

-- --------------------------------------------------------

--
-- Структура таблицы `palata`
--

CREATE TABLE `palata` (
  `id` int(11) NOT NULL,
  `name` varchar(255) NOT NULL,
  `price` decimal(10,0) NOT NULL,
  `status` tinyint(1) DEFAULT NULL,
  `user_id` int(11) DEFAULT NULL,
  `filial_id` int(11) NOT NULL
) ENGINE=InnoDB DEFAULT CHARSET=utf8mb4 COLLATE=utf8mb4_general_ci;

--
-- Дамп данных таблицы `palata`
--

INSERT INTO `palata` (`id`, `name`, `price`, `status`, `user_id`, `filial_id`) VALUES
(1, '1-palata', 30000, NULL, 5, 1),
(2, '2-palata', 45000, NULL, 4, 1);

-- --------------------------------------------------------

--
-- Структура таблицы `pastavchik`
--

CREATE TABLE `pastavchik` (
  `id` int(11) NOT NULL,
  `name` varchar(255) NOT NULL,
  `filial_id` int(11) DEFAULT NULL
) ENGINE=InnoDB DEFAULT CHARSET=utf8mb4 COLLATE=utf8mb4_general_ci;

--
-- Дамп данных таблицы `pastavchik`
--

INSERT INTO `pastavchik` (`id`, `name`, `filial_id`) VALUES
(1, 'Samomed', 1),
(2, 'Nurmedikal', 1);

-- --------------------------------------------------------

--
-- Структура таблицы `pastavchik_pay`
--

CREATE TABLE `pastavchik_pay` (
  `id` int(11) NOT NULL,
  `type` tinyint(1) NOT NULL,
  `pastavchik_id` int(11) NOT NULL,
  `price` decimal(10,0) NOT NULL,
  `backlog` decimal(10,0) DEFAULT NULL,
  `jami_summa` decimal(10,0) DEFAULT NULL,
  `date_time` int(11) NOT NULL,
  `filial_id` int(11) DEFAULT NULL,
  `comment` varchar(255) DEFAULT ''
) ENGINE=InnoDB DEFAULT CHARSET=utf8mb4 COLLATE=utf8mb4_general_ci;

--
-- Дамп данных таблицы `pastavchik_pay`
--

INSERT INTO `pastavchik_pay` (`id`, `type`, `pastavchik_id`, `price`, `backlog`, `jami_summa`, `date_time`, `filial_id`, `comment`) VALUES
(1, 0, 1, 80000, -1080000, NULL, 1697018253, 1, '');

-- --------------------------------------------------------

--
-- Структура таблицы `patient`
--

CREATE TABLE `patient` (
  `id` int(11) NOT NULL,
  `fullname` varchar(300) NOT NULL,
  `name` varchar(255) NOT NULL,
  `lastname` varchar(300) NOT NULL,
  `imtiyoz_type` varchar(255) NOT NULL,
  `patronymic` varchar(255) NOT NULL,
  `region_id` int(11) DEFAULT NULL,
  `district_id` int(11) DEFAULT NULL,
  `phone` varchar(255) NOT NULL,
  `passport` varchar(255) DEFAULT NULL,
  `addres` varchar(255) DEFAULT NULL,
  `gender` varchar(255) NOT NULL,
  `birthday` varchar(255) NOT NULL,
  `citizen` tinyint(1) NOT NULL,
  `percent` decimal(10,0) DEFAULT NULL
) ENGINE=InnoDB DEFAULT CHARSET=utf8mb4 COLLATE=utf8mb4_general_ci;

--
-- Дамп данных таблицы `patient`
--

INSERT INTO `patient` (`id`, `fullname`, `name`, `lastname`, `imtiyoz_type`, `patronymic`, `region_id`, `district_id`, `phone`, `passport`, `addres`, `gender`, `birthday`, `citizen`, `percent`) VALUES
(1, 'Ashirov  Azimjon  Abduraxmon o‘g‘li', 'Azimjon ', 'Ashirov ', 'Imtiyozsiz', 'Abduraxmon o‘g‘li', 12, 157, '999999999', NULL, '1232', 'Erkak', '1697137200', 0, 0),
(2, 'Bakayeva  Nargiza  Rajabovna', 'Nargiza ', 'Bakayeva ', 'Imtiyozsiz', 'Rajabovna', 12, 157, '9666666666', NULL, '12121', 'Ayol', '1696446000', 0, 0),
(3, 'Dilshodov  Umidjon  Dilshod o\'g\'li', 'Umidjon ', 'Dilshodov ', 'Imtiyozsiz', 'Dilshod o\'g\'li', 12, 158, '666666621212', NULL, '212121221', 'Erkak', '1696359600', 0, 0),
(4, 'G\'aniyev  Ozodbek  Umurzoq o\'g\'li', 'Ozodbek ', 'G\'aniyev ', 'Imtiyozsiz', 'Umurzoq o\'g\'li', 12, 157, '1234532123', NULL, '12', 'Erkak', '1697050800', 0, 0);

-- --------------------------------------------------------

--
-- Структура таблицы `pay_direct`
--

CREATE TABLE `pay_direct` (
  `id` int(11) NOT NULL,
  `datetime` int(11) DEFAULT NULL,
  `direct_id` int(11) DEFAULT NULL,
  `sum` decimal(10,0) NOT NULL,
  `pay_type` int(11) DEFAULT NULL,
  `user_id` int(11) DEFAULT NULL,
  `backlog` decimal(10,0) NOT NULL,
  `filial_id` int(11) NOT NULL,
  `comment` varchar(255) NOT NULL
) ENGINE=InnoDB DEFAULT CHARSET=utf8mb4 COLLATE=utf8mb4_general_ci;

--
-- Дамп данных таблицы `pay_direct`
--

INSERT INTO `pay_direct` (`id`, `datetime`, `direct_id`, `sum`, `pay_type`, `user_id`, `backlog`, `filial_id`, `comment`) VALUES
(1, 1696220452, 1, 1500, 0, 3, -3000, 1, '1500 tolov qildik');

-- --------------------------------------------------------

--
-- Структура таблицы `pill`
--

CREATE TABLE `pill` (
  `id` int(11) NOT NULL,
  `name` varchar(300) NOT NULL
) ENGINE=InnoDB DEFAULT CHARSET=utf8mb4 COLLATE=utf8mb4_general_ci;

--
-- Дамп данных таблицы `pill`
--

INSERT INTO `pill` (`id`, `name`) VALUES
(1, 'Bint'),
(2, 'Trimol'),
(3, 'Spirt');

-- --------------------------------------------------------

--
-- Структура таблицы `prixod`
--

CREATE TABLE `prixod` (
  `id` int(11) NOT NULL,
  `date_time` int(11) NOT NULL,
  `pastavchik_id` int(11) NOT NULL,
  `umumiy_summa` decimal(10,0) NOT NULL,
  `comment` varchar(255) DEFAULT NULL
) ENGINE=InnoDB DEFAULT CHARSET=utf8mb4 COLLATE=utf8mb4_general_ci;

--
-- Дамп данных таблицы `prixod`
--

INSERT INTO `prixod` (`id`, `date_time`, `pastavchik_id`, `umumiy_summa`, `comment`) VALUES
(1, 1696161125, 1, 1080000, 'Kolba uchun'),
(2, 1696161138, 2, 1350000, '');

-- --------------------------------------------------------

--
-- Структура таблицы `prixod_table`
--

CREATE TABLE `prixod_table` (
  `id` int(11) NOT NULL,
  `reagent_id` int(11) DEFAULT NULL,
  `count` decimal(10,0) NOT NULL,
  `price` decimal(10,0) NOT NULL,
  `prixod_id` int(11) NOT NULL,
  `summa` decimal(10,0) DEFAULT NULL,
  `datetime` int(11) DEFAULT NULL
) ENGINE=InnoDB DEFAULT CHARSET=utf8mb4 COLLATE=utf8mb4_general_ci;

--
-- Дамп данных таблицы `prixod_table`
--

INSERT INTO `prixod_table` (`id`, `reagent_id`, `count`, `price`, `prixod_id`, `summa`, `datetime`) VALUES
(1, 1, 90, 12000, 1, 1080000, NULL),
(2, 2, 30000, 45, 2, 1350000, NULL);

-- --------------------------------------------------------

--
-- Структура таблицы `queue`
--

CREATE TABLE `queue` (
  `id` int(11) NOT NULL,
  `room_id` int(11) DEFAULT NULL,
  `patient_id` int(11) DEFAULT NULL,
  `number` int(11) NOT NULL,
  `date_time` int(11) DEFAULT NULL,
  `status` varchar(200) NOT NULL
) ENGINE=InnoDB DEFAULT CHARSET=utf8mb4 COLLATE=utf8mb4_general_ci;

-- --------------------------------------------------------

--
-- Структура таблицы `reagent`
--

CREATE TABLE `reagent` (
  `id` int(11) NOT NULL,
  `name` varchar(255) NOT NULL
) ENGINE=InnoDB DEFAULT CHARSET=utf8mb4 COLLATE=utf8mb4_general_ci;

--
-- Дамп данных таблицы `reagent`
--

INSERT INTO `reagent` (`id`, `name`) VALUES
(1, 'Kolba'),
(2, 'Skaypel');

-- --------------------------------------------------------

--
-- Структура таблицы `reagent_department`
--

CREATE TABLE `reagent_department` (
  `id` int(11) NOT NULL,
  `department_id` int(11) NOT NULL,
  `reagent_id` int(11) NOT NULL,
  `count` decimal(10,0) DEFAULT NULL,
  `user_id` int(11) DEFAULT NULL,
  `datetime` int(11) DEFAULT NULL,
  `filial_id` int(11) DEFAULT NULL
) ENGINE=InnoDB DEFAULT CHARSET=utf8mb4 COLLATE=utf8mb4_general_ci;

--
-- Дамп данных таблицы `reagent_department`
--

INSERT INTO `reagent_department` (`id`, `department_id`, `reagent_id`, `count`, `user_id`, `datetime`, `filial_id`) VALUES
(1, 3, 1, 10, NULL, NULL, NULL),
(2, 1, 1, 5, 1, 1697031690, 1);

-- --------------------------------------------------------

--
-- Структура таблицы `region`
--

CREATE TABLE `region` (
  `id` int(11) NOT NULL,
  `name` varchar(60) NOT NULL
) ENGINE=InnoDB DEFAULT CHARSET=utf8mb4 COLLATE=utf8mb4_general_ci;

--
-- Дамп данных таблицы `region`
--

INSERT INTO `region` (`id`, `name`) VALUES
(1, 'Qoraqalpog‘iston Respublikasi'),
(2, 'Andijon viloyati'),
(3, 'Buxoro viloyati'),
(4, 'Jizzax viloyati'),
(5, 'Qashqadaryo viloyati'),
(6, 'Navoiy viloyati'),
(7, 'Namangan viloyati'),
(8, 'Samarqand viloyati'),
(9, 'Surxandaryo viloyati'),
(10, 'Sirdaryo viloyati'),
(11, 'Toshkent viloyati'),
(12, 'Farg‘ona viloyati'),
(13, 'Xorazm viloyati'),
(14, 'Toshkent shahri');

-- --------------------------------------------------------

--
-- Структура таблицы `register_bassen`
--

CREATE TABLE `register_bassen` (
  `id` int(11) NOT NULL,
  `date_time` int(11) NOT NULL,
  `type` varchar(255) DEFAULT NULL,
  `price` decimal(10,0) NOT NULL,
  `odam_soni` decimal(10,0) DEFAULT NULL,
  `doc_type` varchar(255) DEFAULT NULL
) ENGINE=InnoDB DEFAULT CHARSET=utf8mb4 COLLATE=utf8mb4_general_ci;

-- --------------------------------------------------------

--
-- Структура таблицы `register_direct`
--

CREATE TABLE `register_direct` (
  `id` int(11) NOT NULL,
  `date_time` int(11) DEFAULT NULL,
  `type` int(11) NOT NULL,
  `price` decimal(10,0) DEFAULT NULL,
  `doc_id` int(11) DEFAULT NULL,
  `doc_type` varchar(255) DEFAULT NULL,
  `comment` varchar(255) DEFAULT NULL,
  `place` varchar(255) DEFAULT NULL,
  `direct_id` int(11) DEFAULT NULL,
  `filial_id` int(11) DEFAULT NULL
) ENGINE=InnoDB DEFAULT CHARSET=utf8mb4 COLLATE=utf8mb4_general_ci;

--
-- Дамп данных таблицы `register_direct`
--

INSERT INTO `register_direct` (`id`, `date_time`, `type`, `price`, `doc_id`, `doc_type`, `comment`, `place`, `direct_id`, `filial_id`) VALUES
(1, 1696220396, 0, 3000, 12, 'kirim', '', 'Регистрация', 1, 1),
(2, 1696220452, 0, 1500, 1, 'chiqim', '1500 tolov qildik', 'Вакилга тўлов', 1, 1);

-- --------------------------------------------------------

--
-- Структура таблицы `register_direct_arxiv`
--

CREATE TABLE `register_direct_arxiv` (
  `id` int(11) NOT NULL,
  `date_time` int(11) DEFAULT NULL,
  `type` int(11) NOT NULL,
  `price` decimal(10,0) DEFAULT NULL,
  `doc_id` int(11) DEFAULT NULL,
  `doc_type` varchar(255) DEFAULT NULL,
  `comment` varchar(255) DEFAULT NULL,
  `place` varchar(255) DEFAULT NULL,
  `direct_id` int(11) DEFAULT NULL,
  `filial_id` int(11) DEFAULT NULL
) ENGINE=InnoDB DEFAULT CHARSET=utf8mb4 COLLATE=utf8mb4_general_ci;

-- --------------------------------------------------------

--
-- Структура таблицы `register_doctor`
--

CREATE TABLE `register_doctor` (
  `id` int(11) NOT NULL,
  `date_time` int(11) DEFAULT NULL,
  `type` int(11) NOT NULL,
  `price` decimal(10,0) DEFAULT NULL,
  `doc_id` int(11) DEFAULT NULL,
  `doc_type` varchar(255) DEFAULT NULL,
  `doctor_id` int(11) DEFAULT NULL,
  `comment` varchar(255) DEFAULT NULL,
  `place` varchar(255) DEFAULT NULL,
  `filial_id` int(11) DEFAULT NULL
) ENGINE=InnoDB DEFAULT CHARSET=utf8mb4 COLLATE=utf8mb4_general_ci;

--
-- Дамп данных таблицы `register_doctor`
--

INSERT INTO `register_doctor` (`id`, `date_time`, `type`, `price`, `doc_id`, `doc_type`, `doctor_id`, `comment`, `place`, `filial_id`) VALUES
(2, 1696160827, 0, 0, 9, 'kirim', 1, '', 'Регистрация', 1),
(3, 1674260303, 0, 0, 10, 'kirim', 2, '', 'Регистрация', 1),
(4, 1696160898, 0, 0, 11, 'kirim', 1, '', 'Регистрация', 1),
(5, 1696160898, 0, 0, 11, 'kirim', 2, '', 'Регистрация', 1),
(7, 1696498002, 0, 36000, 21, 'kirim', 3, '', 'Регистрация', 1);

-- --------------------------------------------------------

--
-- Структура таблицы `register_doctor_arxiv`
--

CREATE TABLE `register_doctor_arxiv` (
  `id` int(11) NOT NULL,
  `date_time` int(11) DEFAULT NULL,
  `type` int(11) NOT NULL,
  `price` decimal(10,0) DEFAULT NULL,
  `doc_id` int(11) DEFAULT NULL,
  `doc_type` varchar(255) DEFAULT NULL,
  `doctor_id` int(11) DEFAULT NULL,
  `comment` varchar(255) DEFAULT NULL,
  `place` varchar(255) DEFAULT NULL,
  `filial_id` int(11) DEFAULT NULL
) ENGINE=InnoDB DEFAULT CHARSET=utf8mb4 COLLATE=utf8mb4_general_ci;

-- --------------------------------------------------------

--
-- Структура таблицы `register_inspection`
--

CREATE TABLE `register_inspection` (
  `id` int(11) NOT NULL,
  `date_time` int(11) DEFAULT NULL,
  `type` int(11) DEFAULT NULL,
  `price` decimal(10,0) DEFAULT NULL,
  `doc_type` varchar(255) DEFAULT NULL,
  `doc_id` int(11) DEFAULT NULL,
  `user_id` int(11) DEFAULT NULL,
  `inspection_id` int(11) DEFAULT NULL,
  `inspection_category` int(11) DEFAULT NULL,
  `comment` varchar(255) DEFAULT NULL,
  `place` varchar(255) DEFAULT NULL,
  `filial_id` int(11) DEFAULT NULL
) ENGINE=InnoDB DEFAULT CHARSET=utf8mb4 COLLATE=utf8mb4_general_ci;

--
-- Дамп данных таблицы `register_inspection`
--

INSERT INTO `register_inspection` (`id`, `date_time`, `type`, `price`, `doc_type`, `doc_id`, `user_id`, `inspection_id`, `inspection_category`, `comment`, `place`, `filial_id`) VALUES
(5, 1696500110, 0, 14400, 'kirim', 22, 4, 1, 1, '', 'Регистрация', 1),
(6, 1696503162, 0, 10000, 'kirim', 23, 4, 3, 3, '', 'Регистрация', 1),
(7, 1696503687, 0, 14400, 'kirim', 24, 4, 1, 1, '', 'Регистрация', 1),
(8, 1696503751, 0, 14400, 'kirim', 25, 4, 1, 1, '', 'Регистрация', 1),
(9, 1696503751, 0, 500, 'kirim', 25, 4, 2, 2, '', 'Регистрация', 1),
(10, 1696503751, 0, 10000, 'kirim', 25, 4, 3, 3, '', 'Регистрация', 1),
(11, 1696503794, 0, 0, 'kirim', 26, 4, 3, 3, '', 'Регистрация', 1),
(12, 1696504630, 0, 0, 'kirim', 27, 9, 3, 3, '', 'Регистрация', 1),
(14, 1696512196, 0, 33700, 'chiqim', 2, 4, NULL, 1, NULL, 'Тўлов', 1);

-- --------------------------------------------------------

--
-- Структура таблицы `register_inspection_arxiv`
--

CREATE TABLE `register_inspection_arxiv` (
  `id` int(11) NOT NULL,
  `date_time` int(11) DEFAULT NULL,
  `type` int(11) DEFAULT NULL,
  `price` decimal(10,0) DEFAULT NULL,
  `doc_type` varchar(255) DEFAULT NULL,
  `doc_id` int(11) DEFAULT NULL,
  `user_id` int(11) DEFAULT NULL,
  `inspection_id` int(11) DEFAULT NULL,
  `inspection_category` int(11) DEFAULT NULL,
  `comment` varchar(255) DEFAULT NULL,
  `place` varchar(255) DEFAULT NULL,
  `filial_id` int(11) DEFAULT NULL,
  `laborant_id` int(11) DEFAULT NULL
) ENGINE=InnoDB DEFAULT CHARSET=utf8mb4 COLLATE=utf8mb4_general_ci;

-- --------------------------------------------------------

--
-- Структура таблицы `register_kassa`
--

CREATE TABLE `register_kassa` (
  `id` int(11) NOT NULL,
  `date_time` int(11) DEFAULT NULL,
  `type` int(11) NOT NULL,
  `price` decimal(10,0) NOT NULL,
  `pay_type` varchar(255) NOT NULL,
  `doc_type` varchar(255) DEFAULT NULL,
  `doctor_id` int(11) DEFAULT NULL,
  `place` varchar(255) DEFAULT NULL,
  `filial_id` int(11) DEFAULT NULL,
  `user_id` int(11) DEFAULT NULL
) ENGINE=InnoDB DEFAULT CHARSET=utf8mb4 COLLATE=utf8mb4_general_ci;

--
-- Дамп данных таблицы `register_kassa`
--

INSERT INTO `register_kassa` (`id`, `date_time`, `type`, `price`, `pay_type`, `doc_type`, `doctor_id`, `place`, `filial_id`, `user_id`) VALUES
(2, 1696160828, 0, 100000, 'Naqt', 'Kirim', 9, 'Регистрация', 1, 3),
(3, 1696160856, 0, 120000, 'Naqt', 'Kirim', 10, 'Регистрация', 1, 3),
(4, 1696160899, 0, 355000, 'Naqt', 'Kirim', 11, 'Регистрация', 1, 3),
(9, 1696423797, 0, 540000, 'Naqt', 'Kirim', 19, 'Регистрация', 1, 1),
(10, 1696498001, 0, 300000, 'Naqt', 'Kirim', 21, 'Регистрация', 1, 1),
(12, 1696499898, 0, 120000, 'Naqt', 'Kirim', 22, 'Регистрация', 1, 1),
(13, 1696503160, 0, 100000, 'Naqt', 'Kirim', 23, 'Регистрация', 1, 1),
(14, 1696503686, 0, 120000, 'Naqt', 'Kirim', 24, 'Регистрация', 1, 1),
(15, 1696503750, 0, 270000, 'Naqt', 'Kirim', 25, 'Регистрация', 1, 1),
(16, 1696503793, 0, 100000, 'Naqt', 'Kirim', 26, 'Регистрация', 1, 1),
(17, 1696504628, 0, 100000, 'Naqt', 'Kirim', 27, 'Регистрация', 1, 1),
(19, 1696512196, 0, 33700, 'Naqt', 'chiqim', 2, 'Тўлов', 1, 1),
(20, 1697018253, 0, 80000, 'Plastik', 'chiqim', 1, 'Паставшик', 1, 1);

-- --------------------------------------------------------

--
-- Структура таблицы `register_kassa_arxiv`
--

CREATE TABLE `register_kassa_arxiv` (
  `id` int(11) NOT NULL,
  `date_time` int(11) DEFAULT NULL,
  `type` int(11) NOT NULL,
  `price` decimal(10,0) NOT NULL,
  `pay_type` varchar(255) NOT NULL,
  `doc_type` varchar(255) DEFAULT NULL,
  `doctor_id` int(11) DEFAULT NULL,
  `place` varchar(255) DEFAULT NULL,
  `filial_id` int(11) DEFAULT NULL
) ENGINE=InnoDB DEFAULT CHARSET=utf8mb4 COLLATE=utf8mb4_general_ci;

-- --------------------------------------------------------

--
-- Структура таблицы `register_kirish`
--

CREATE TABLE `register_kirish` (
  `id` int(11) NOT NULL,
  `date_time` int(11) NOT NULL,
  `type` varchar(255) DEFAULT NULL,
  `price` decimal(10,0) NOT NULL,
  `mashina_soni` decimal(10,0) DEFAULT NULL,
  `odam_soni` decimal(10,0) DEFAULT NULL,
  `doc_type` varchar(255) DEFAULT NULL,
  `mashina_price` decimal(10,0) DEFAULT NULL
) ENGINE=InnoDB DEFAULT CHARSET=utf8mb4 COLLATE=utf8mb4_general_ci;

-- --------------------------------------------------------

--
-- Структура таблицы `register_med_direct`
--

CREATE TABLE `register_med_direct` (
  `id` int(11) NOT NULL,
  `date_time` int(11) DEFAULT NULL,
  `type` int(11) NOT NULL,
  `price` decimal(10,0) DEFAULT NULL,
  `doc_id` int(11) DEFAULT NULL,
  `doc_type` varchar(255) DEFAULT NULL,
  `comment` varchar(255) DEFAULT NULL,
  `place` varchar(255) DEFAULT NULL,
  `direct_id` int(11) DEFAULT NULL,
  `filial_id` int(11) DEFAULT NULL
) ENGINE=InnoDB DEFAULT CHARSET=utf8mb4 COLLATE=utf8mb4_general_ci;

-- --------------------------------------------------------

--
-- Структура таблицы `register_med_direct_arxiv`
--

CREATE TABLE `register_med_direct_arxiv` (
  `id` int(11) NOT NULL,
  `date_time` int(11) DEFAULT NULL,
  `type` int(11) NOT NULL,
  `price` decimal(10,0) DEFAULT NULL,
  `doc_id` int(11) DEFAULT NULL,
  `doc_type` varchar(255) DEFAULT NULL,
  `comment` varchar(255) DEFAULT NULL,
  `place` varchar(255) DEFAULT NULL,
  `direct_id` int(11) DEFAULT NULL,
  `filial_id` int(11) DEFAULT NULL
) ENGINE=InnoDB DEFAULT CHARSET=utf8mb4 COLLATE=utf8mb4_general_ci;

-- --------------------------------------------------------

--
-- Структура таблицы `register_mkb`
--

CREATE TABLE `register_mkb` (
  `id` int(11) NOT NULL,
  `mkb_id` int(11) NOT NULL,
  `name` varchar(255) NOT NULL,
  `datetime` int(11) NOT NULL,
  `registration_id` int(11) NOT NULL,
  `patient_id` int(11) NOT NULL,
  `doctor_id` int(11) NOT NULL,
  `filial_id` int(11) DEFAULT NULL
) ENGINE=InnoDB DEFAULT CHARSET=utf8mb4 COLLATE=utf8mb4_general_ci;

-- --------------------------------------------------------

--
-- Структура таблицы `register_mkb_arxiv`
--

CREATE TABLE `register_mkb_arxiv` (
  `id` int(11) NOT NULL,
  `mkb_id` int(11) NOT NULL,
  `name` varchar(255) NOT NULL,
  `datetime` int(11) NOT NULL,
  `registration_id` int(11) NOT NULL,
  `patient_id` int(11) NOT NULL,
  `filial_id` int(11) DEFAULT NULL,
  `doctor_id` int(11) NOT NULL
) ENGINE=InnoDB DEFAULT CHARSET=utf8mb4 COLLATE=utf8mb4_general_ci;

-- --------------------------------------------------------

--
-- Структура таблицы `register_palata`
--

CREATE TABLE `register_palata` (
  `id` int(11) NOT NULL,
  `palata_id` int(11) DEFAULT NULL,
  `registration_id` int(11) DEFAULT NULL,
  `patient_id` int(11) DEFAULT NULL,
  `price` int(11) DEFAULT NULL,
  `day` int(11) DEFAULT NULL,
  `date_to` int(11) DEFAULT NULL,
  `date_do` int(11) DEFAULT NULL,
  `date_time` int(11) DEFAULT NULL,
  `user_id` int(11) NOT NULL,
  `filial_id` int(11) NOT NULL
) ENGINE=InnoDB DEFAULT CHARSET=utf8mb4 COLLATE=utf8mb4_general_ci;

--
-- Дамп данных таблицы `register_palata`
--

INSERT INTO `register_palata` (`id`, `palata_id`, `registration_id`, `patient_id`, `price`, `day`, `date_to`, `date_do`, `date_time`, `user_id`, `filial_id`) VALUES
(10, 2, 19, 1, 45000, 12, 1696423777, 0, 1696423798, 0, 1),
(11, 2, 28, 4, 45000, 1, 1697193727, 1697280127, 1697194008, 0, 1);

-- --------------------------------------------------------

--
-- Структура таблицы `register_palata_arxiv`
--

CREATE TABLE `register_palata_arxiv` (
  `id` int(11) NOT NULL,
  `palata_id` int(11) DEFAULT NULL,
  `registration_id` int(11) DEFAULT NULL,
  `patient_id` int(11) DEFAULT NULL,
  `price` int(11) DEFAULT NULL,
  `day` int(11) DEFAULT NULL,
  `date_to` int(11) DEFAULT NULL,
  `date_do` int(11) DEFAULT NULL,
  `date_time` int(11) DEFAULT NULL,
  `filial_id` int(11) NOT NULL,
  `user_id` int(11) NOT NULL
) ENGINE=InnoDB DEFAULT CHARSET=utf8mb4 COLLATE=utf8mb4_general_ci;

-- --------------------------------------------------------

--
-- Структура таблицы `register_reagent`
--

CREATE TABLE `register_reagent` (
  `id` int(11) NOT NULL,
  `reagent_id` int(11) NOT NULL,
  `date_time` int(11) NOT NULL,
  `price` decimal(10,0) NOT NULL,
  `count` decimal(10,0) DEFAULT NULL,
  `summa` decimal(10,0) DEFAULT NULL,
  `doc_id` int(11) DEFAULT NULL,
  `doc_type` varchar(255) DEFAULT NULL
) ENGINE=InnoDB DEFAULT CHARSET=utf8mb4 COLLATE=utf8mb4_general_ci;

--
-- Дамп данных таблицы `register_reagent`
--

INSERT INTO `register_reagent` (`id`, `reagent_id`, `date_time`, `price`, `count`, `summa`, `doc_id`, `doc_type`) VALUES
(1, 1, 1696161125, 12000, 90, 1080000, 1, 'chiqim'),
(2, 2, 1696161138, 45, 30000, 1350000, 2, 'chiqim');

-- --------------------------------------------------------

--
-- Структура таблицы `register_sori`
--

CREATE TABLE `register_sori` (
  `id` int(11) NOT NULL,
  `date_time` int(11) NOT NULL,
  `type` int(11) NOT NULL,
  `price` decimal(10,0) NOT NULL,
  `doc_id` int(11) NOT NULL,
  `doc_type` varchar(255) DEFAULT NULL
) ENGINE=InnoDB DEFAULT CHARSET=utf8mb4 COLLATE=utf8mb4_general_ci;

-- --------------------------------------------------------

--
-- Структура таблицы `register_supplier`
--

CREATE TABLE `register_supplier` (
  `id` int(11) NOT NULL,
  `date_time` int(11) NOT NULL,
  `doc_id` int(11) NOT NULL,
  `pastavchik_id` int(11) NOT NULL,
  `summa` decimal(10,0) DEFAULT NULL,
  `doc_type` varchar(255) DEFAULT NULL,
  `type` tinyint(1) DEFAULT NULL,
  `place` varchar(255) DEFAULT NULL,
  `filial_id` int(11) DEFAULT NULL,
  `comment` varchar(255) DEFAULT ''
) ENGINE=InnoDB DEFAULT CHARSET=utf8mb4 COLLATE=utf8mb4_general_ci;

--
-- Дамп данных таблицы `register_supplier`
--

INSERT INTO `register_supplier` (`id`, `date_time`, `doc_id`, `pastavchik_id`, `summa`, `doc_type`, `type`, `place`, `filial_id`, `comment`) VALUES
(1, 1696161125, 1, 1, 1080000, 'chiqim', 2, 'Prixod', 1, ''),
(2, 1696161138, 2, 2, 1350000, 'chiqim', 2, 'Prixod', 1, ''),
(3, 1697018253, 1, 1, 80000, 'kirim', 0, 'Паставшик', 1, '');

-- --------------------------------------------------------

--
-- Структура таблицы `registration`
--

CREATE TABLE `registration` (
  `id` int(11) NOT NULL,
  `user_id` int(11) DEFAULT NULL,
  `direct_id` int(11) DEFAULT NULL,
  `created_at` int(11) DEFAULT NULL,
  `updated_at` int(11) DEFAULT NULL,
  `status` varchar(255) NOT NULL,
  `patient_id` int(11) DEFAULT NULL,
  `type_service` varchar(255) NOT NULL,
  `complaint` text DEFAULT NULL,
  `summa` decimal(10,0) DEFAULT NULL,
  `pay_summa` decimal(10,0) DEFAULT NULL,
  `backlog` decimal(10,0) DEFAULT NULL,
  `discount` decimal(10,0) DEFAULT NULL,
  `hospital_summa` decimal(10,0) DEFAULT NULL,
  `tramma_type` varchar(255) DEFAULT NULL,
  `filial_id` int(11) DEFAULT NULL
) ENGINE=InnoDB DEFAULT CHARSET=utf8mb4 COLLATE=utf8mb4_general_ci;

--
-- Дамп данных таблицы `registration`
--

INSERT INTO `registration` (`id`, `user_id`, `direct_id`, `created_at`, `updated_at`, `status`, `patient_id`, `type_service`, `complaint`, `summa`, `pay_summa`, `backlog`, `discount`, `hospital_summa`, `tramma_type`, `filial_id`) VALUES
(19, 1, NULL, 1696423798, 1696423450, 'waiting', 1, 'Statsionar', '<p><strong>Қон босими</strong>: </p><p><strong>Бўйи</strong>: </p><p><strong>Оғирлиги</strong>: </p><p><strong>Прописка</strong>: </p><p><strong>Тана харорати</strong>: </p><p><strong>Келган куни</strong>: </p><p><strong>Касби</strong>: </p><p><strong>Шикояти</strong>: </p> <ol><li></li></ol>', 540000, 540000, 0, 0, 540000, 'Bir oydan ortiq', 1),
(21, 1, NULL, 1696498002, 1696496225, 'waiting', 3, 'Statsionar', '<p><strong>Қон босими</strong>: </p><p><strong>Бўйи</strong>: </p><p><strong>Оғирлиги</strong>: </p><p><strong>Прописка</strong>: </p><p><strong>Тана харорати</strong>: </p><p><strong>Келган куни</strong>: </p><p><strong>Касби</strong>: </p><p><strong>Шикояти</strong>: </p> <ol><li></li></ol>', 300000, 300000, 0, 0, 0, 'Bir oydan ortiq', 1),
(28, 1, NULL, 1697194008, 1697193359, 'waiting', 4, 'Statsionar', '<p><strong>Қон босими</strong>: </p><p><strong>Бўйи</strong>: </p><p><strong>Оғирлиги</strong>: </p><p><strong>Прописка</strong>: </p><p><strong>Тана харорати</strong>: </p><p><strong>Келган куни</strong>: </p><p><strong>Касби</strong>: </p><p><strong>Шикояти</strong>: </p> <ol><li></li></ol>', 45000, 0, 45000, 0, 45000, 'Bir oydan ortiq', 1);

-- --------------------------------------------------------

--
-- Структура таблицы `registration_arxiv`
--

CREATE TABLE `registration_arxiv` (
  `id` int(11) NOT NULL,
  `user_id` int(11) DEFAULT NULL,
  `direct_id` int(11) DEFAULT NULL,
  `created_at` int(11) DEFAULT NULL,
  `updated_at` int(11) DEFAULT NULL,
  `status` varchar(255) NOT NULL,
  `patient_id` int(11) DEFAULT NULL,
  `type_service` varchar(255) NOT NULL,
  `complaint` text DEFAULT NULL,
  `summa` decimal(10,0) DEFAULT NULL,
  `pay_summa` decimal(10,0) DEFAULT NULL,
  `backlog` decimal(10,0) DEFAULT NULL,
  `discount` decimal(10,0) DEFAULT NULL,
  `hospital_summa` decimal(10,0) DEFAULT NULL,
  `imtiyoz_type` varchar(255) NOT NULL,
  `filial_id` int(11) DEFAULT NULL
) ENGINE=InnoDB DEFAULT CHARSET=utf8mb4 COLLATE=utf8mb4_general_ci;

--
-- Дамп данных таблицы `registration_arxiv`
--

INSERT INTO `registration_arxiv` (`id`, `user_id`, `direct_id`, `created_at`, `updated_at`, `status`, `patient_id`, `type_service`, `complaint`, `summa`, `pay_summa`, `backlog`, `discount`, `hospital_summa`, `imtiyoz_type`, `filial_id`) VALUES
(9, 3, NULL, 1696160827, 1696160672, 'waiting', 4, 'Statsionar', '<p><strong>Қон босими</strong>: </p><p><strong>Бўйи</strong>: </p><p><strong>Оғирлиги</strong>: </p><p><strong>Прописка</strong>: </p><p><strong>Тана харорати</strong>: </p><p><strong>Келган куни</strong>: </p><p><strong>Касби</strong>: </p><p><strong>Шикояти</strong>: </p> <ol><li></li></ol>', 100000, 100000, 0, 0, 0, 'Bir oydan ortiq', NULL),
(10, 3, NULL, 1696160855, 1696160672, 'waiting', 3, 'Ambulator', '<p><strong>Қон босими</strong>: </p><p><strong>Бўйи</strong>: </p><p><strong>Оғирлиги</strong>: </p><p><strong>Прописка</strong>: </p><p><strong>Тана харорати</strong>: </p><p><strong>Келган куни</strong>: </p><p><strong>Касби</strong>: </p><p><strong>Шикояти</strong>: </p> <ol><li></li></ol>', 120000, 120000, 0, 0, 0, 'Bir oydan ortiq', NULL),
(11, 3, NULL, 1696160898, 1696160672, 'waiting', 4, 'Statsionar', '<p><strong>Қон босими</strong>: </p><p><strong>Бўйи</strong>: </p><p><strong>Оғирлиги</strong>: </p><p><strong>Прописка</strong>: </p><p><strong>Тана харорати</strong>: </p><p><strong>Келган куни</strong>: </p><p><strong>Касби</strong>: </p><p><strong>Шикояти</strong>: </p> <ol><li></li></ol>', 355000, 355000, 0, 0, 135000, 'Bir oydan ortiq', NULL),
(14, 1, NULL, 1696419277, 1696420053, 'waiting', 4, 'Ambulator', '<p><strong>Қон босими</strong>: </p><p><strong>Бўйи</strong>: </p><p><strong>Оғирлиги</strong>: </p><p><strong>Прописка</strong>: </p><p><strong>Тана харорати</strong>: </p><p><strong>Келган куни</strong>: </p><p><strong>Касби</strong>: </p><p><strong>Шикояти</strong>: </p> <ol><li></li></ol>', 60000, 10000, 50000, 0, 60000, 'Bir oydan ortiq', 1),
(17, 1, NULL, 1696423249, 1696422926, 'waiting', 4, 'Ambulator', '<p><strong>Қон босими</strong>: </p><p><strong>Бўйи</strong>: </p><p><strong>Оғирлиги</strong>: </p><p><strong>Прописка</strong>: </p><p><strong>Тана харорати</strong>: </p><p><strong>Келган куни</strong>: </p><p><strong>Касби</strong>: </p><p><strong>Шикояти</strong>: </p> <ol><li></li></ol>', -1305000, 0, -1305000, 0, -1305000, 'Bir oydan ortiq', 1),
(20, 1, NULL, 1696424758, 1696424731, 'waiting', 3, 'Ambulator', '<p><strong>Қон босими</strong>: </p><p><strong>Бўйи</strong>: </p><p><strong>Оғирлиги</strong>: </p><p><strong>Прописка</strong>: </p><p><strong>Тана харорати</strong>: </p><p><strong>Келган куни</strong>: </p><p><strong>Касби</strong>: </p><p><strong>Шикояти</strong>: </p> <ol><li></li></ol>', 0, 0, 0, 0, 0, 'Bir oydan ortiq', 1),
(22, 1, NULL, 1696499900, 1696500110, 'waiting', 2, 'Ambulator', '<p><strong>Қон босими</strong>: </p><p><strong>Бўйи</strong>: </p><p><strong>Оғирлиги</strong>: </p><p><strong>Прописка</strong>: </p><p><strong>Тана харорати</strong>: </p><p><strong>Келган куни</strong>: </p><p><strong>Касби</strong>: </p><p><strong>Шикояти</strong>: </p> <ol><li></li></ol>', 120000, 120000, 0, 0, 0, 'Bir oydan ortiq', 1),
(23, 1, NULL, 1696503162, 1696502905, 'waiting', 4, 'Ambulator', '<p><strong>Қон босими</strong>: </p><p><strong>Бўйи</strong>: </p><p><strong>Оғирлиги</strong>: </p><p><strong>Прописка</strong>: </p><p><strong>Тана харорати</strong>: </p><p><strong>Келган куни</strong>: </p><p><strong>Касби</strong>: </p><p><strong>Шикояти</strong>: </p> <ol><li></li></ol>', 100000, 100000, 0, 0, 0, 'Bir oydan ortiq', 1),
(24, 1, NULL, 1696503687, 1696502905, 'waiting', 2, 'Ambulator', '<p><strong>Қон босими</strong>: </p><p><strong>Бўйи</strong>: </p><p><strong>Оғирлиги</strong>: </p><p><strong>Прописка</strong>: </p><p><strong>Тана харорати</strong>: </p><p><strong>Келган куни</strong>: </p><p><strong>Касби</strong>: </p><p><strong>Шикояти</strong>: </p> <ol><li></li></ol>', 120000, 120000, 0, 0, 0, 'Bir oydan ortiq', 1),
(25, 1, NULL, 1696503751, 1696502905, 'waiting', 2, 'Ambulator', '<p><strong>Қон босими</strong>: </p><p><strong>Бўйи</strong>: </p><p><strong>Оғирлиги</strong>: </p><p><strong>Прописка</strong>: </p><p><strong>Тана харорати</strong>: </p><p><strong>Келган куни</strong>: </p><p><strong>Касби</strong>: </p><p><strong>Шикояти</strong>: </p> <ol><li></li></ol>', 270000, 270000, 0, 0, 0, 'Bir oydan ortiq', 1),
(26, 1, NULL, 1696503794, 1696502905, 'waiting', 2, 'Ambulator', '<p><strong>Қон босими</strong>: </p><p><strong>Бўйи</strong>: </p><p><strong>Оғирлиги</strong>: </p><p><strong>Прописка</strong>: </p><p><strong>Тана харорати</strong>: </p><p><strong>Келган куни</strong>: </p><p><strong>Касби</strong>: </p><p><strong>Шикояти</strong>: </p> <ol><li></li></ol>', 100000, 100000, 0, 0, 0, 'Bir oydan ortiq', 1),
(27, 1, NULL, 1696504630, 1696504136, 'waiting', 4, 'Ambulator', '<p><strong>Қон босими</strong>: </p><p><strong>Бўйи</strong>: </p><p><strong>Оғирлиги</strong>: </p><p><strong>Прописка</strong>: </p><p><strong>Тана харорати</strong>: </p><p><strong>Келган куни</strong>: </p><p><strong>Касби</strong>: </p><p><strong>Шикояти</strong>: </p> <ol><li></li></ol>', 100000, 100000, 0, 0, 0, 'Bir oydan ortiq', 1);

-- --------------------------------------------------------

--
-- Структура таблицы `registration_doctor`
--

CREATE TABLE `registration_doctor` (
  `id` int(11) NOT NULL,
  `doctor_id` int(11) DEFAULT NULL,
  `registration_id` int(11) DEFAULT NULL,
  `status` varchar(255) NOT NULL,
  `price` decimal(10,0) NOT NULL,
  `text` varchar(255) DEFAULT NULL,
  `date_time` varchar(255) NOT NULL,
  `filial_id` int(11) DEFAULT NULL
) ENGINE=InnoDB DEFAULT CHARSET=utf8mb4 COLLATE=utf8mb4_general_ci;

--
-- Дамп данных таблицы `registration_doctor`
--

INSERT INTO `registration_doctor` (`id`, `doctor_id`, `registration_id`, `status`, `price`, `text`, `date_time`, `filial_id`) VALUES
(12, 3, 21, 'waiting', 300000, '', '1696497992', 1);

-- --------------------------------------------------------

--
-- Структура таблицы `registration_doctor_arxiv`
--

CREATE TABLE `registration_doctor_arxiv` (
  `id` int(11) NOT NULL,
  `doctor_id` int(11) DEFAULT NULL,
  `registration_id` int(11) DEFAULT NULL,
  `status` varchar(255) NOT NULL,
  `price` decimal(10,0) NOT NULL,
  `text` varchar(255) DEFAULT NULL,
  `date_time` int(11) NOT NULL,
  `filial_id` int(11) DEFAULT NULL
) ENGINE=InnoDB DEFAULT CHARSET=utf8mb4 COLLATE=utf8mb4_general_ci;

--
-- Дамп данных таблицы `registration_doctor_arxiv`
--

INSERT INTO `registration_doctor_arxiv` (`id`, `doctor_id`, `registration_id`, `status`, `price`, `text`, `date_time`, `filial_id`) VALUES
(6, 1, 9, 'waiting', 100000, '', 1696160822, 1),
(7, 2, 10, 'waiting', 120000, '', 1696160849, 1),
(8, 1, 11, 'waiting', 100000, '', 1696160868, 1),
(9, 2, 11, 'waiting', 120000, '', 1696160870, 1);

-- --------------------------------------------------------

--
-- Структура таблицы `registration_files`
--

CREATE TABLE `registration_files` (
  `id` int(11) NOT NULL,
  `registration_id` int(11) DEFAULT NULL,
  `href` varchar(200) NOT NULL,
  `filial_id` int(11) DEFAULT NULL
) ENGINE=InnoDB DEFAULT CHARSET=utf8mb4 COLLATE=utf8mb4_general_ci;

-- --------------------------------------------------------

--
-- Структура таблицы `registration_files_arxiv`
--

CREATE TABLE `registration_files_arxiv` (
  `id` int(11) NOT NULL,
  `registration_id` int(11) DEFAULT NULL,
  `href` varchar(100) NOT NULL,
  `filial_id` int(11) DEFAULT NULL
) ENGINE=InnoDB DEFAULT CHARSET=utf8mb4 COLLATE=utf8mb4_general_ci;

-- --------------------------------------------------------

--
-- Структура таблицы `registration_inspection`
--

CREATE TABLE `registration_inspection` (
  `id` int(11) NOT NULL,
  `inspection_id` int(11) DEFAULT NULL,
  `user_id` int(11) DEFAULT NULL,
  `registration_id` int(11) DEFAULT NULL,
  `type` int(11) NOT NULL,
  `price` decimal(10,0) NOT NULL,
  `category_id` int(11) DEFAULT NULL,
  `status` varchar(200) NOT NULL,
  `date_time` varchar(255) NOT NULL,
  `skidka` decimal(10,0) DEFAULT NULL,
  `filial_id` int(11) DEFAULT NULL
) ENGINE=InnoDB DEFAULT CHARSET=utf8mb4 COLLATE=utf8mb4_general_ci;

-- --------------------------------------------------------

--
-- Структура таблицы `registration_inspection_arxiv`
--

CREATE TABLE `registration_inspection_arxiv` (
  `id` int(11) NOT NULL,
  `inspection_id` int(11) DEFAULT NULL,
  `user_id` int(11) DEFAULT NULL,
  `registration_id` int(11) DEFAULT NULL,
  `type` int(11) NOT NULL,
  `price` decimal(10,0) NOT NULL,
  `category_id` int(11) DEFAULT NULL,
  `status` varchar(20) NOT NULL,
  `date_time` int(11) NOT NULL,
  `skidka` decimal(10,0) DEFAULT NULL,
  `filial_id` int(11) DEFAULT NULL
) ENGINE=InnoDB DEFAULT CHARSET=utf8mb4 COLLATE=utf8mb4_general_ci;

--
-- Дамп данных таблицы `registration_inspection_arxiv`
--

INSERT INTO `registration_inspection_arxiv` (`id`, `inspection_id`, `user_id`, `registration_id`, `type`, `price`, `category_id`, `status`, `date_time`, `skidka`, `filial_id`) VALUES
(5, 1, 4, 22, 0, 120000, 1, 'complete', 1696500110, NULL, 1),
(6, 3, 4, 23, 0, 100000, 3, 'waiting', 1696503162, NULL, 1),
(7, 1, 4, 24, 0, 120000, 1, 'waiting', 1696503687, NULL, 1),
(8, 1, 4, 25, 0, 120000, 1, 'waiting', 1696503751, NULL, 1),
(9, 2, 4, 25, 0, 50000, 2, 'waiting', 1696503751, NULL, 1),
(10, 3, 4, 25, 0, 100000, 3, 'waiting', 1696503751, NULL, 1),
(11, 3, 4, 26, 0, 100000, 3, 'waiting', 1696503794, NULL, 1),
(12, 3, 9, 27, 0, 100000, 3, 'waiting', 1696504630, NULL, 1);

-- --------------------------------------------------------

--
-- Структура таблицы `registration_inspection_child`
--

CREATE TABLE `registration_inspection_child` (
  `id` int(11) NOT NULL,
  `parent_id` int(11) DEFAULT NULL,
  `text` varchar(255) DEFAULT NULL,
  `norm` varchar(255) DEFAULT NULL,
  `name` varchar(255) DEFAULT NULL,
  `registration_id` int(11) DEFAULT NULL,
  `status` varchar(255) NOT NULL,
  `price` decimal(10,0) NOT NULL,
  `checked` tinyint(1) DEFAULT NULL,
  `file` varchar(100) DEFAULT NULL,
  `birlik` varchar(255) DEFAULT NULL,
  `rang` varchar(255) DEFAULT NULL
) ENGINE=InnoDB DEFAULT CHARSET=utf8mb4 COLLATE=utf8mb4_general_ci;

-- --------------------------------------------------------

--
-- Структура таблицы `registration_inspection_child_arxiv`
--

CREATE TABLE `registration_inspection_child_arxiv` (
  `id` int(11) NOT NULL,
  `parent_id` int(11) DEFAULT NULL,
  `text` varchar(255) DEFAULT NULL,
  `norm` varchar(255) DEFAULT NULL,
  `name` varchar(255) DEFAULT NULL,
  `registration_id` int(11) DEFAULT NULL,
  `status` varchar(255) NOT NULL,
  `price` decimal(10,0) NOT NULL,
  `checked` tinyint(1) DEFAULT NULL,
  `file` varchar(100) DEFAULT NULL,
  `birlik` varchar(255) DEFAULT NULL,
  `rang` varchar(255) DEFAULT NULL
) ENGINE=InnoDB DEFAULT CHARSET=utf8mb4 COLLATE=utf8mb4_general_ci;

--
-- Дамп данных таблицы `registration_inspection_child_arxiv`
--

INSERT INTO `registration_inspection_child_arxiv` (`id`, `parent_id`, `text`, `norm`, `name`, `registration_id`, `status`, `price`, `checked`, `file`, `birlik`, `rang`) VALUES
(5, 5, NULL, '', '', 22, 'waiting', 0, 0, '', NULL, 'yashil'),
(6, 6, NULL, '', '', 23, 'waiting', 0, 0, '', NULL, NULL),
(7, 7, NULL, '', '', 24, 'waiting', 0, 0, '', NULL, NULL),
(8, 8, NULL, '', '', 25, 'waiting', 0, 0, '', NULL, NULL),
(9, 10, NULL, '', '', 25, 'waiting', 0, 0, '', NULL, NULL),
(10, 9, NULL, '', '', 25, 'waiting', 0, 0, '', NULL, NULL),
(11, 11, NULL, '', '', 26, 'waiting', 0, 0, '', NULL, NULL),
(12, 12, NULL, '', '', 27, 'waiting', 0, 0, '', NULL, NULL);

-- --------------------------------------------------------

--
-- Структура таблицы `registration_palata`
--

CREATE TABLE `registration_palata` (
  `id` int(11) NOT NULL,
  `palata_id` int(11) NOT NULL,
  `registration_id` int(11) NOT NULL,
  `price` decimal(10,0) NOT NULL,
  `day` int(11) DEFAULT NULL,
  `date_to` int(11) DEFAULT NULL,
  `date_do` int(11) DEFAULT NULL,
  `date_time` int(11) DEFAULT NULL,
  `total_price` decimal(10,0) DEFAULT NULL,
  `filial_id` int(11) DEFAULT NULL,
  `user_id` int(11) DEFAULT NULL
) ENGINE=InnoDB DEFAULT CHARSET=utf8mb4 COLLATE=utf8mb4_general_ci;

--
-- Дамп данных таблицы `registration_palata`
--

INSERT INTO `registration_palata` (`id`, `palata_id`, `registration_id`, `price`, `day`, `date_to`, `date_do`, `date_time`, `total_price`, `filial_id`, `user_id`) VALUES
(10, 2, 19, 45000, 12, 1696423777, 0, 1696423798, 540000, 1, 0),
(11, 2, 28, 45000, 1, 1697193727, 1697280127, 1697194008, 45000, 1, 0);

-- --------------------------------------------------------

--
-- Структура таблицы `registration_palata_arxiv`
--

CREATE TABLE `registration_palata_arxiv` (
  `id` int(11) NOT NULL,
  `palata_id` int(11) NOT NULL,
  `registration_id` int(11) NOT NULL,
  `price` decimal(10,0) NOT NULL,
  `day` int(11) DEFAULT NULL,
  `date_to` int(11) DEFAULT NULL,
  `date_do` int(11) DEFAULT NULL,
  `date_time` int(11) DEFAULT NULL,
  `total_price` decimal(10,0) DEFAULT NULL,
  `filial_id` int(11) DEFAULT NULL,
  `user_id` int(11) DEFAULT NULL
) ENGINE=InnoDB DEFAULT CHARSET=utf8mb4 COLLATE=utf8mb4_general_ci;

--
-- Дамп данных таблицы `registration_palata_arxiv`
--

INSERT INTO `registration_palata_arxiv` (`id`, `palata_id`, `registration_id`, `price`, `day`, `date_to`, `date_do`, `date_time`, `total_price`, `filial_id`, `user_id`) VALUES
(1, 2, 11, 45000, 3, 1696160863, 1696420063, 1696160898, 135000, 1, 0),
(8, 2, 17, 45000, -29, 1696423219, 1693917619, 1696423249, -1305000, 1, 0);

-- --------------------------------------------------------

--
-- Структура таблицы `registration_pay`
--

CREATE TABLE `registration_pay` (
  `id` int(11) NOT NULL,
  `user_id` int(11) DEFAULT NULL,
  `discount` decimal(10,0) DEFAULT NULL,
  `registration_id` int(11) DEFAULT NULL,
  `pay_type` varchar(255) DEFAULT NULL,
  `summa` decimal(10,0) NOT NULL,
  `date_time` int(11) DEFAULT NULL,
  `umumiy_sum` decimal(10,0) DEFAULT NULL,
  `backlog` decimal(10,0) DEFAULT NULL,
  `comment` varchar(255) DEFAULT NULL,
  `filial_id` int(11) NOT NULL
) ENGINE=InnoDB DEFAULT CHARSET=utf8mb4 COLLATE=utf8mb4_general_ci;

--
-- Дамп данных таблицы `registration_pay`
--

INSERT INTO `registration_pay` (`id`, `user_id`, `discount`, `registration_id`, `pay_type`, `summa`, `date_time`, `umumiy_sum`, `backlog`, `comment`, `filial_id`) VALUES
(11, 1, 0, 19, 'Naqt', 540000, 1696423797, 540000, 0, '', 1),
(12, 1, 0, 21, 'Naqt', 300000, 1696498001, 300000, 0, '', 1);

-- --------------------------------------------------------

--
-- Структура таблицы `registration_pay_arxiv`
--

CREATE TABLE `registration_pay_arxiv` (
  `id` int(11) NOT NULL,
  `user_id` int(11) DEFAULT NULL,
  `discount` decimal(10,0) DEFAULT NULL,
  `registration_id` int(11) DEFAULT NULL,
  `pay_type` varchar(255) DEFAULT NULL,
  `summa` decimal(10,0) NOT NULL,
  `date_time` int(11) DEFAULT NULL,
  `umumiy_sum` decimal(10,0) DEFAULT NULL,
  `backlog` decimal(10,0) DEFAULT NULL,
  `comment` varchar(255) DEFAULT NULL,
  `filial_id` int(11) NOT NULL
) ENGINE=InnoDB DEFAULT CHARSET=utf8mb4 COLLATE=utf8mb4_general_ci;

--
-- Дамп данных таблицы `registration_pay_arxiv`
--

INSERT INTO `registration_pay_arxiv` (`id`, `user_id`, `discount`, `registration_id`, `pay_type`, `summa`, `date_time`, `umumiy_sum`, `backlog`, `comment`, `filial_id`) VALUES
(3, 3, 0, 9, 'Naqt', 100000, 1696160828, 100000, 0, '', 1),
(4, 3, 0, 10, 'Naqt', 120000, 1696160856, 120000, 0, '', 1),
(5, 3, 0, 11, 'Naqt', 355000, 1696160899, 355000, 0, '', 1),
(8, 1, 0, 14, 'Naqt', 10000, 1696419556, 60000, 50000, '', 1),
(14, 1, 0, 22, 'Naqt', 120000, 1696499898, 120000, 0, '', 1),
(15, 1, 0, 23, 'Naqt', 100000, 1696503160, 100000, 0, '', 1),
(16, 1, 0, 24, 'Naqt', 120000, 1696503686, 120000, 0, '', 1),
(17, 1, 0, 25, 'Naqt', 270000, 1696503750, 270000, 0, '', 1),
(18, 1, 0, 26, 'Naqt', 100000, 1696503793, 100000, 0, '', 1),
(19, 1, 0, 27, 'Naqt', 100000, 1696504628, 100000, 0, '', 1);

-- --------------------------------------------------------

--
-- Структура таблицы `registration_recipe`
--

CREATE TABLE `registration_recipe` (
  `id` int(11) NOT NULL,
  `registration_doctor_id` int(11) DEFAULT NULL,
  `registration_id` int(11) DEFAULT NULL,
  `pill_id` int(11) DEFAULT NULL,
  `time` int(11) NOT NULL,
  `day` int(11) NOT NULL,
  `comment` varchar(255) NOT NULL,
  `name` varchar(255) NOT NULL,
  `filial_id` int(11) DEFAULT NULL
) ENGINE=InnoDB DEFAULT CHARSET=utf8mb4 COLLATE=utf8mb4_general_ci;

-- --------------------------------------------------------

--
-- Структура таблицы `registration_recipe_arxiv`
--

CREATE TABLE `registration_recipe_arxiv` (
  `id` int(11) NOT NULL,
  `registration_doctor_id` int(11) DEFAULT NULL,
  `registration_id` int(11) DEFAULT NULL,
  `pill_id` int(11) DEFAULT NULL,
  `time` int(11) NOT NULL,
  `day` int(11) NOT NULL,
  `comment` varchar(255) NOT NULL,
  `name` varchar(255) NOT NULL,
  `filial_id` int(11) DEFAULT NULL
) ENGINE=InnoDB DEFAULT CHARSET=utf8mb4 COLLATE=utf8mb4_general_ci;

-- --------------------------------------------------------

--
-- Структура таблицы `room`
--

CREATE TABLE `room` (
  `id` int(11) NOT NULL,
  `name` varchar(50) NOT NULL,
  `filial_id` int(11) DEFAULT NULL
) ENGINE=InnoDB DEFAULT CHARSET=utf8mb4 COLLATE=utf8mb4_general_ci;

--
-- Дамп данных таблицы `room`
--

INSERT INTO `room` (`id`, `name`, `filial_id`) VALUES
(1, '1-xona ', 1),
(2, '2-xona', 1),
(3, '3-xona', 1),
(4, '4-xona', 1);

-- --------------------------------------------------------

--
-- Структура таблицы `settings`
--

CREATE TABLE `settings` (
  `id` int(11) NOT NULL,
  `name` varchar(200) NOT NULL,
  `logo` varchar(200) DEFAULT NULL,
  `date1` int(11) DEFAULT NULL,
  `date2` int(11) DEFAULT NULL,
  `quote` varchar(200) DEFAULT NULL,
  `header_left` varchar(250) DEFAULT '',
  `header_right` varchar(250) DEFAULT ''
) ENGINE=InnoDB DEFAULT CHARSET=utf8mb4 COLLATE=utf8mb4_general_ci;

--
-- Дамп данных таблицы `settings`
--

INSERT INTO `settings` (`id`, `name`, `logo`, `date1`, `date2`, `quote`, `header_left`, `header_right`) VALUES
(1, 'BEST MED', 'http://81.95.226.11:64005/api/v1/admin-app/href_1696221313842.png', 1696154163, 1703133602, 'Sizga sog\'lik tilaymiz', 'Best  Med', 'Best  Med');

-- --------------------------------------------------------

--
-- Структура таблицы `shablon_doctor`
--

CREATE TABLE `shablon_doctor` (
  `id` int(11) NOT NULL,
  `doctor_id` int(11) NOT NULL,
  `name` varchar(255) DEFAULT NULL,
  `text` text DEFAULT NULL
) ENGINE=InnoDB DEFAULT CHARSET=utf8mb4 COLLATE=utf8mb4_general_ci;

-- --------------------------------------------------------

--
-- Структура таблицы `sori`
--

CREATE TABLE `sori` (
  `id` int(11) NOT NULL,
  `name` varchar(255) NOT NULL,
  `price` decimal(10,0) DEFAULT NULL,
  `status` tinyint(1) NOT NULL
) ENGINE=InnoDB DEFAULT CHARSET=utf8mb4 COLLATE=utf8mb4_general_ci;

-- --------------------------------------------------------

--
-- Структура таблицы `uplata`
--

CREATE TABLE `uplata` (
  `id` int(11) NOT NULL,
  `name` varchar(255) DEFAULT NULL,
  `user_id` int(11) DEFAULT NULL,
  `doctor_id` int(11) DEFAULT NULL,
  `price` decimal(10,0) NOT NULL,
  `type` int(11) NOT NULL,
  `date_time` varchar(255) NOT NULL
) ENGINE=InnoDB DEFAULT CHARSET=utf8mb4 COLLATE=utf8mb4_general_ci;

--
-- Дамп данных таблицы `uplata`
--

INSERT INTO `uplata` (`id`, `name`, `user_id`, `doctor_id`, `price`, `type`, `date_time`) VALUES
(2, '33700', 1, NULL, 33700, 0, '1696512196');

-- --------------------------------------------------------

--
-- Структура таблицы `user`
--

CREATE TABLE `user` (
  `id` int(11) NOT NULL,
  `user_name` varchar(50) NOT NULL,
  `password` varchar(255) NOT NULL,
  `token` varchar(100) DEFAULT NULL,
  `role` varchar(255) NOT NULL,
  `room_id` int(11) DEFAULT NULL,
  `doctor_id` int(11) DEFAULT NULL,
  `inspection_category_id` int(11) DEFAULT NULL,
  `pay_type` varchar(255) DEFAULT NULL,
  `salary` decimal(10,0) NOT NULL,
  `percent` decimal(10,0) DEFAULT NULL,
  `filial_id` int(11) DEFAULT NULL
) ENGINE=InnoDB DEFAULT CHARSET=utf8mb4 COLLATE=utf8mb4_general_ci;

--
-- Дамп данных таблицы `user`
--

INSERT INTO `user` (`id`, `user_name`, `password`, `token`, `role`, `room_id`, `doctor_id`, `inspection_category_id`, `pay_type`, `salary`, `percent`, `filial_id`) VALUES
(1, 'Dasturchi', '$2a$08$V7QaTzXpi1QVUGqV4NnwAu//I5Pxu8OHZBCnVdyQtLLJEE7G/qOz.', NULL, 'Admin', NULL, NULL, NULL, NULL, 0, 0, 1),
(2, 'Odinxa Jorayeva (Kassir)', '$2a$10$I4Lh.PxzXexccwkRN6k4.esUr9GAILev6.aAq21fKww3.PjDvrPqC', '', 'Kasser', 4, 0, 0, 'Oylik', 5000000, 0, 1),
(3, 'Admin (admin)', '$2a$08$4t96g3/eDQcSbL.VulTF7emBh8PK1ttd5PVLaBPXrD3mLBLB4T/1G', '', 'Admin', 0, 0, 0, 'Oylik', 15000000, 0, 1),
(4, 'Laborant 1 (laborant)', '$2a$10$Z5HoElRJ3lK9j0C7CGTWEuIPjrK/7Vs93.YXkg88QFjsa96kRRY1K', '', 'Loborant', 3, 0, 1, 'Foiz', 0, 34, 1),
(5, 'Miraziz (shifokor)', '$2a$10$ejaHvtCkc8CZCesyc0qSL.n2Db8v5ky0i5jBdJimUKWHS6rIkwYOe', '', 'Shifokor', 1, 1, 0, 'Oylik', 12000000, 0, 1),
(6, 'Shavkat (shifokor)', '$2a$10$lCwKdMvH.YyNIn.RSvtUbe4wLik0v6pGP4O/MHGDRp8uHY/a106lK', '', 'Shifokor', 2, 2, 0, 'Oylik', 9000000, 0, 1),
(7, 'Registrator ', '$2a$08$fbS0PRvicp.mODmH.ZuahuDueuOi/1qqKfIQtyak3JJlydUn3aD9C', '', 'Registrator', 0, 0, 0, 'Oylik', 670000, 0, 1),
(8, 'Stomatolog ', '$2a$08$EdISTP30LEYjqfHqNaX9NODPzlCOPAGbC3v1tzyzMtpx.Hfd1dBg.', '', 'Shifokor', 1, 3, 0, 'Foiz', 0, 12, 1),
(9, 'Laborant 2', '$2a$08$vdkk690Ymyg7rnprzUU07OWys196ZWvoXEa2WtHKgCiLrKpFEGPoy', '', 'Loborant', 0, 0, 3, 'Foiz', 0, 10, 1);

--
-- Индексы сохранённых таблиц
--

--
-- Индексы таблицы `bassen_summa`
--
ALTER TABLE `bassen_summa`
  ADD PRIMARY KEY (`id`);

--
-- Индексы таблицы `department`
--
ALTER TABLE `department`
  ADD PRIMARY KEY (`id`);

--
-- Индексы таблицы `direct`
--
ALTER TABLE `direct`
  ADD PRIMARY KEY (`id`);

--
-- Индексы таблицы `district`
--
ALTER TABLE `district`
  ADD PRIMARY KEY (`id`);

--
-- Индексы таблицы `doctor`
--
ALTER TABLE `doctor`
  ADD PRIMARY KEY (`id`);

--
-- Индексы таблицы `doctor_category`
--
ALTER TABLE `doctor_category`
  ADD PRIMARY KEY (`id`);

--
-- Индексы таблицы `doctor_template`
--
ALTER TABLE `doctor_template`
  ADD PRIMARY KEY (`id`);

--
-- Индексы таблицы `expense`
--
ALTER TABLE `expense`
  ADD PRIMARY KEY (`id`);

--
-- Индексы таблицы `filial`
--
ALTER TABLE `filial`
  ADD PRIMARY KEY (`id`);

--
-- Индексы таблицы `inspection`
--
ALTER TABLE `inspection`
  ADD PRIMARY KEY (`id`);

--
-- Индексы таблицы `inspectionchild`
--
ALTER TABLE `inspectionchild`
  ADD PRIMARY KEY (`id`);

--
-- Индексы таблицы `inspection_category`
--
ALTER TABLE `inspection_category`
  ADD PRIMARY KEY (`id`);

--
-- Индексы таблицы `inspection_info`
--
ALTER TABLE `inspection_info`
  ADD PRIMARY KEY (`id`);

--
-- Индексы таблицы `inspection_info_child`
--
ALTER TABLE `inspection_info_child`
  ADD PRIMARY KEY (`id`);

--
-- Индексы таблицы `inspection_info_child2`
--
ALTER TABLE `inspection_info_child2`
  ADD PRIMARY KEY (`id`);

--
-- Индексы таблицы `kassa_order`
--
ALTER TABLE `kassa_order`
  ADD PRIMARY KEY (`id`);

--
-- Индексы таблицы `kirish_summa`
--
ALTER TABLE `kirish_summa`
  ADD PRIMARY KEY (`id`);

--
-- Индексы таблицы `med_direct`
--
ALTER TABLE `med_direct`
  ADD PRIMARY KEY (`id`);

--
-- Индексы таблицы `migrations`
--
ALTER TABLE `migrations`
  ADD PRIMARY KEY (`id`);

--
-- Индексы таблицы `palata`
--
ALTER TABLE `palata`
  ADD PRIMARY KEY (`id`);

--
-- Индексы таблицы `pastavchik`
--
ALTER TABLE `pastavchik`
  ADD PRIMARY KEY (`id`);

--
-- Индексы таблицы `pastavchik_pay`
--
ALTER TABLE `pastavchik_pay`
  ADD PRIMARY KEY (`id`);

--
-- Индексы таблицы `patient`
--
ALTER TABLE `patient`
  ADD PRIMARY KEY (`id`);

--
-- Индексы таблицы `pay_direct`
--
ALTER TABLE `pay_direct`
  ADD PRIMARY KEY (`id`);

--
-- Индексы таблицы `pill`
--
ALTER TABLE `pill`
  ADD PRIMARY KEY (`id`);

--
-- Индексы таблицы `prixod`
--
ALTER TABLE `prixod`
  ADD PRIMARY KEY (`id`);

--
-- Индексы таблицы `prixod_table`
--
ALTER TABLE `prixod_table`
  ADD PRIMARY KEY (`id`);

--
-- Индексы таблицы `queue`
--
ALTER TABLE `queue`
  ADD PRIMARY KEY (`id`);

--
-- Индексы таблицы `reagent`
--
ALTER TABLE `reagent`
  ADD PRIMARY KEY (`id`);

--
-- Индексы таблицы `reagent_department`
--
ALTER TABLE `reagent_department`
  ADD PRIMARY KEY (`id`);

--
-- Индексы таблицы `region`
--
ALTER TABLE `region`
  ADD PRIMARY KEY (`id`);

--
-- Индексы таблицы `register_bassen`
--
ALTER TABLE `register_bassen`
  ADD PRIMARY KEY (`id`);

--
-- Индексы таблицы `register_direct`
--
ALTER TABLE `register_direct`
  ADD PRIMARY KEY (`id`);

--
-- Индексы таблицы `register_direct_arxiv`
--
ALTER TABLE `register_direct_arxiv`
  ADD PRIMARY KEY (`id`);

--
-- Индексы таблицы `register_doctor`
--
ALTER TABLE `register_doctor`
  ADD PRIMARY KEY (`id`);

--
-- Индексы таблицы `register_doctor_arxiv`
--
ALTER TABLE `register_doctor_arxiv`
  ADD PRIMARY KEY (`id`);

--
-- Индексы таблицы `register_inspection`
--
ALTER TABLE `register_inspection`
  ADD PRIMARY KEY (`id`);

--
-- Индексы таблицы `register_inspection_arxiv`
--
ALTER TABLE `register_inspection_arxiv`
  ADD PRIMARY KEY (`id`);

--
-- Индексы таблицы `register_kassa`
--
ALTER TABLE `register_kassa`
  ADD PRIMARY KEY (`id`);

--
-- Индексы таблицы `register_kassa_arxiv`
--
ALTER TABLE `register_kassa_arxiv`
  ADD PRIMARY KEY (`id`);

--
-- Индексы таблицы `register_kirish`
--
ALTER TABLE `register_kirish`
  ADD PRIMARY KEY (`id`);

--
-- Индексы таблицы `register_med_direct`
--
ALTER TABLE `register_med_direct`
  ADD PRIMARY KEY (`id`);

--
-- Индексы таблицы `register_med_direct_arxiv`
--
ALTER TABLE `register_med_direct_arxiv`
  ADD PRIMARY KEY (`id`);

--
-- Индексы таблицы `register_mkb`
--
ALTER TABLE `register_mkb`
  ADD PRIMARY KEY (`id`);

--
-- Индексы таблицы `register_mkb_arxiv`
--
ALTER TABLE `register_mkb_arxiv`
  ADD PRIMARY KEY (`id`);

--
-- Индексы таблицы `register_palata`
--
ALTER TABLE `register_palata`
  ADD PRIMARY KEY (`id`);

--
-- Индексы таблицы `register_palata_arxiv`
--
ALTER TABLE `register_palata_arxiv`
  ADD PRIMARY KEY (`id`);

--
-- Индексы таблицы `register_reagent`
--
ALTER TABLE `register_reagent`
  ADD PRIMARY KEY (`id`);

--
-- Индексы таблицы `register_sori`
--
ALTER TABLE `register_sori`
  ADD PRIMARY KEY (`id`);

--
-- Индексы таблицы `register_supplier`
--
ALTER TABLE `register_supplier`
  ADD PRIMARY KEY (`id`);

--
-- Индексы таблицы `registration`
--
ALTER TABLE `registration`
  ADD PRIMARY KEY (`id`);

--
-- Индексы таблицы `registration_arxiv`
--
ALTER TABLE `registration_arxiv`
  ADD PRIMARY KEY (`id`);

--
-- Индексы таблицы `registration_doctor`
--
ALTER TABLE `registration_doctor`
  ADD PRIMARY KEY (`id`);

--
-- Индексы таблицы `registration_doctor_arxiv`
--
ALTER TABLE `registration_doctor_arxiv`
  ADD PRIMARY KEY (`id`);

--
-- Индексы таблицы `registration_files`
--
ALTER TABLE `registration_files`
  ADD PRIMARY KEY (`id`);

--
-- Индексы таблицы `registration_files_arxiv`
--
ALTER TABLE `registration_files_arxiv`
  ADD PRIMARY KEY (`id`);

--
-- Индексы таблицы `registration_inspection`
--
ALTER TABLE `registration_inspection`
  ADD PRIMARY KEY (`id`);

--
-- Индексы таблицы `registration_inspection_arxiv`
--
ALTER TABLE `registration_inspection_arxiv`
  ADD PRIMARY KEY (`id`);

--
-- Индексы таблицы `registration_inspection_child`
--
ALTER TABLE `registration_inspection_child`
  ADD PRIMARY KEY (`id`);

--
-- Индексы таблицы `registration_inspection_child_arxiv`
--
ALTER TABLE `registration_inspection_child_arxiv`
  ADD PRIMARY KEY (`id`);

--
-- Индексы таблицы `registration_palata`
--
ALTER TABLE `registration_palata`
  ADD PRIMARY KEY (`id`);

--
-- Индексы таблицы `registration_palata_arxiv`
--
ALTER TABLE `registration_palata_arxiv`
  ADD PRIMARY KEY (`id`);

--
-- Индексы таблицы `registration_pay`
--
ALTER TABLE `registration_pay`
  ADD PRIMARY KEY (`id`);

--
-- Индексы таблицы `registration_pay_arxiv`
--
ALTER TABLE `registration_pay_arxiv`
  ADD PRIMARY KEY (`id`);

--
-- Индексы таблицы `registration_recipe`
--
ALTER TABLE `registration_recipe`
  ADD PRIMARY KEY (`id`);

--
-- Индексы таблицы `registration_recipe_arxiv`
--
ALTER TABLE `registration_recipe_arxiv`
  ADD PRIMARY KEY (`id`);

--
-- Индексы таблицы `room`
--
ALTER TABLE `room`
  ADD PRIMARY KEY (`id`);

--
-- Индексы таблицы `settings`
--
ALTER TABLE `settings`
  ADD PRIMARY KEY (`id`);

--
-- Индексы таблицы `shablon_doctor`
--
ALTER TABLE `shablon_doctor`
  ADD PRIMARY KEY (`id`);

--
-- Индексы таблицы `sori`
--
ALTER TABLE `sori`
  ADD PRIMARY KEY (`id`);

--
-- Индексы таблицы `uplata`
--
ALTER TABLE `uplata`
  ADD PRIMARY KEY (`id`);

--
-- Индексы таблицы `user`
--
ALTER TABLE `user`
  ADD PRIMARY KEY (`id`);

--
-- AUTO_INCREMENT для сохранённых таблиц
--

--
-- AUTO_INCREMENT для таблицы `bassen_summa`
--
ALTER TABLE `bassen_summa`
  MODIFY `id` int(11) NOT NULL AUTO_INCREMENT, AUTO_INCREMENT=2;

--
-- AUTO_INCREMENT для таблицы `department`
--
ALTER TABLE `department`
  MODIFY `id` int(11) NOT NULL AUTO_INCREMENT;

--
-- AUTO_INCREMENT для таблицы `direct`
--
ALTER TABLE `direct`
  MODIFY `id` int(11) NOT NULL AUTO_INCREMENT, AUTO_INCREMENT=2;

--
-- AUTO_INCREMENT для таблицы `district`
--
ALTER TABLE `district`
  MODIFY `id` int(11) NOT NULL AUTO_INCREMENT, AUTO_INCREMENT=196;

--
-- AUTO_INCREMENT для таблицы `doctor`
--
ALTER TABLE `doctor`
  MODIFY `id` int(11) NOT NULL AUTO_INCREMENT, AUTO_INCREMENT=4;

--
-- AUTO_INCREMENT для таблицы `doctor_category`
--
ALTER TABLE `doctor_category`
  MODIFY `id` int(11) NOT NULL AUTO_INCREMENT, AUTO_INCREMENT=4;

--
-- AUTO_INCREMENT для таблицы `doctor_template`
--
ALTER TABLE `doctor_template`
  MODIFY `id` int(11) NOT NULL AUTO_INCREMENT;

--
-- AUTO_INCREMENT для таблицы `expense`
--
ALTER TABLE `expense`
  MODIFY `id` int(11) NOT NULL AUTO_INCREMENT;

--
-- AUTO_INCREMENT для таблицы `filial`
--
ALTER TABLE `filial`
  MODIFY `id` int(11) NOT NULL AUTO_INCREMENT, AUTO_INCREMENT=3;

--
-- AUTO_INCREMENT для таблицы `inspection`
--
ALTER TABLE `inspection`
  MODIFY `id` int(11) NOT NULL AUTO_INCREMENT, AUTO_INCREMENT=4;

--
-- AUTO_INCREMENT для таблицы `inspectionchild`
--
ALTER TABLE `inspectionchild`
  MODIFY `id` int(11) NOT NULL AUTO_INCREMENT, AUTO_INCREMENT=6;

--
-- AUTO_INCREMENT для таблицы `inspection_category`
--
ALTER TABLE `inspection_category`
  MODIFY `id` int(11) NOT NULL AUTO_INCREMENT, AUTO_INCREMENT=4;

--
-- AUTO_INCREMENT для таблицы `inspection_info`
--
ALTER TABLE `inspection_info`
  MODIFY `id` int(11) NOT NULL AUTO_INCREMENT, AUTO_INCREMENT=12;

--
-- AUTO_INCREMENT для таблицы `inspection_info_child`
--
ALTER TABLE `inspection_info_child`
  MODIFY `id` int(11) NOT NULL AUTO_INCREMENT, AUTO_INCREMENT=48;

--
-- AUTO_INCREMENT для таблицы `kassa_order`
--
ALTER TABLE `kassa_order`
  MODIFY `id` int(11) NOT NULL AUTO_INCREMENT;

--
-- AUTO_INCREMENT для таблицы `kirish_summa`
--
ALTER TABLE `kirish_summa`
  MODIFY `id` int(11) NOT NULL AUTO_INCREMENT, AUTO_INCREMENT=2;

--
-- AUTO_INCREMENT для таблицы `med_direct`
--
ALTER TABLE `med_direct`
  MODIFY `id` int(11) NOT NULL AUTO_INCREMENT;

--
-- AUTO_INCREMENT для таблицы `migrations`
--
ALTER TABLE `migrations`
  MODIFY `id` int(11) NOT NULL AUTO_INCREMENT, AUTO_INCREMENT=128;

--
-- AUTO_INCREMENT для таблицы `palata`
--
ALTER TABLE `palata`
  MODIFY `id` int(11) NOT NULL AUTO_INCREMENT, AUTO_INCREMENT=3;

--
-- AUTO_INCREMENT для таблицы `pastavchik`
--
ALTER TABLE `pastavchik`
  MODIFY `id` int(11) NOT NULL AUTO_INCREMENT, AUTO_INCREMENT=3;

--
-- AUTO_INCREMENT для таблицы `pastavchik_pay`
--
ALTER TABLE `pastavchik_pay`
  MODIFY `id` int(11) NOT NULL AUTO_INCREMENT, AUTO_INCREMENT=2;

--
-- AUTO_INCREMENT для таблицы `patient`
--
ALTER TABLE `patient`
  MODIFY `id` int(11) NOT NULL AUTO_INCREMENT, AUTO_INCREMENT=5;

--
-- AUTO_INCREMENT для таблицы `pay_direct`
--
ALTER TABLE `pay_direct`
  MODIFY `id` int(11) NOT NULL AUTO_INCREMENT, AUTO_INCREMENT=2;

--
-- AUTO_INCREMENT для таблицы `pill`
--
ALTER TABLE `pill`
  MODIFY `id` int(11) NOT NULL AUTO_INCREMENT, AUTO_INCREMENT=4;

--
-- AUTO_INCREMENT для таблицы `prixod`
--
ALTER TABLE `prixod`
  MODIFY `id` int(11) NOT NULL AUTO_INCREMENT, AUTO_INCREMENT=3;

--
-- AUTO_INCREMENT для таблицы `prixod_table`
--
ALTER TABLE `prixod_table`
  MODIFY `id` int(11) NOT NULL AUTO_INCREMENT, AUTO_INCREMENT=3;

--
-- AUTO_INCREMENT для таблицы `queue`
--
ALTER TABLE `queue`
  MODIFY `id` int(11) NOT NULL AUTO_INCREMENT;

--
-- AUTO_INCREMENT для таблицы `reagent`
--
ALTER TABLE `reagent`
  MODIFY `id` int(11) NOT NULL AUTO_INCREMENT, AUTO_INCREMENT=3;

--
-- AUTO_INCREMENT для таблицы `reagent_department`
--
ALTER TABLE `reagent_department`
  MODIFY `id` int(11) NOT NULL AUTO_INCREMENT, AUTO_INCREMENT=3;

--
-- AUTO_INCREMENT для таблицы `region`
--
ALTER TABLE `region`
  MODIFY `id` int(11) NOT NULL AUTO_INCREMENT, AUTO_INCREMENT=15;

--
-- AUTO_INCREMENT для таблицы `register_bassen`
--
ALTER TABLE `register_bassen`
  MODIFY `id` int(11) NOT NULL AUTO_INCREMENT;

--
-- AUTO_INCREMENT для таблицы `register_direct`
--
ALTER TABLE `register_direct`
  MODIFY `id` int(11) NOT NULL AUTO_INCREMENT, AUTO_INCREMENT=3;

--
-- AUTO_INCREMENT для таблицы `register_direct_arxiv`
--
ALTER TABLE `register_direct_arxiv`
  MODIFY `id` int(11) NOT NULL AUTO_INCREMENT;

--
-- AUTO_INCREMENT для таблицы `register_doctor`
--
ALTER TABLE `register_doctor`
  MODIFY `id` int(11) NOT NULL AUTO_INCREMENT, AUTO_INCREMENT=8;

--
-- AUTO_INCREMENT для таблицы `register_doctor_arxiv`
--
ALTER TABLE `register_doctor_arxiv`
  MODIFY `id` int(11) NOT NULL AUTO_INCREMENT;

--
-- AUTO_INCREMENT для таблицы `register_inspection`
--
ALTER TABLE `register_inspection`
  MODIFY `id` int(11) NOT NULL AUTO_INCREMENT, AUTO_INCREMENT=15;

--
-- AUTO_INCREMENT для таблицы `register_inspection_arxiv`
--
ALTER TABLE `register_inspection_arxiv`
  MODIFY `id` int(11) NOT NULL AUTO_INCREMENT;

--
-- AUTO_INCREMENT для таблицы `register_kassa`
--
ALTER TABLE `register_kassa`
  MODIFY `id` int(11) NOT NULL AUTO_INCREMENT, AUTO_INCREMENT=21;

--
-- AUTO_INCREMENT для таблицы `register_kassa_arxiv`
--
ALTER TABLE `register_kassa_arxiv`
  MODIFY `id` int(11) NOT NULL AUTO_INCREMENT;

--
-- AUTO_INCREMENT для таблицы `register_kirish`
--
ALTER TABLE `register_kirish`
  MODIFY `id` int(11) NOT NULL AUTO_INCREMENT;

--
-- AUTO_INCREMENT для таблицы `register_med_direct`
--
ALTER TABLE `register_med_direct`
  MODIFY `id` int(11) NOT NULL AUTO_INCREMENT;

--
-- AUTO_INCREMENT для таблицы `register_med_direct_arxiv`
--
ALTER TABLE `register_med_direct_arxiv`
  MODIFY `id` int(11) NOT NULL AUTO_INCREMENT;

--
-- AUTO_INCREMENT для таблицы `register_mkb`
--
ALTER TABLE `register_mkb`
  MODIFY `id` int(11) NOT NULL AUTO_INCREMENT;

--
-- AUTO_INCREMENT для таблицы `register_mkb_arxiv`
--
ALTER TABLE `register_mkb_arxiv`
  MODIFY `id` int(11) NOT NULL AUTO_INCREMENT;

--
-- AUTO_INCREMENT для таблицы `register_palata`
--
ALTER TABLE `register_palata`
  MODIFY `id` int(11) NOT NULL AUTO_INCREMENT, AUTO_INCREMENT=12;

--
-- AUTO_INCREMENT для таблицы `register_palata_arxiv`
--
ALTER TABLE `register_palata_arxiv`
  MODIFY `id` int(11) NOT NULL AUTO_INCREMENT;

--
-- AUTO_INCREMENT для таблицы `register_reagent`
--
ALTER TABLE `register_reagent`
  MODIFY `id` int(11) NOT NULL AUTO_INCREMENT, AUTO_INCREMENT=3;

--
-- AUTO_INCREMENT для таблицы `register_sori`
--
ALTER TABLE `register_sori`
  MODIFY `id` int(11) NOT NULL AUTO_INCREMENT;

--
-- AUTO_INCREMENT для таблицы `register_supplier`
--
ALTER TABLE `register_supplier`
  MODIFY `id` int(11) NOT NULL AUTO_INCREMENT, AUTO_INCREMENT=4;

--
-- AUTO_INCREMENT для таблицы `registration`
--
ALTER TABLE `registration`
  MODIFY `id` int(11) NOT NULL AUTO_INCREMENT, AUTO_INCREMENT=29;

--
-- AUTO_INCREMENT для таблицы `registration_doctor`
--
ALTER TABLE `registration_doctor`
  MODIFY `id` int(11) NOT NULL AUTO_INCREMENT, AUTO_INCREMENT=13;

--
-- AUTO_INCREMENT для таблицы `registration_doctor_arxiv`
--
ALTER TABLE `registration_doctor_arxiv`
  MODIFY `id` int(11) NOT NULL AUTO_INCREMENT, AUTO_INCREMENT=10;

--
-- AUTO_INCREMENT для таблицы `registration_files`
--
ALTER TABLE `registration_files`
  MODIFY `id` int(11) NOT NULL AUTO_INCREMENT;

--
-- AUTO_INCREMENT для таблицы `registration_files_arxiv`
--
ALTER TABLE `registration_files_arxiv`
  MODIFY `id` int(11) NOT NULL AUTO_INCREMENT;

--
-- AUTO_INCREMENT для таблицы `registration_inspection`
--
ALTER TABLE `registration_inspection`
  MODIFY `id` int(11) NOT NULL AUTO_INCREMENT, AUTO_INCREMENT=13;

--
-- AUTO_INCREMENT для таблицы `registration_inspection_arxiv`
--
ALTER TABLE `registration_inspection_arxiv`
  MODIFY `id` int(11) NOT NULL AUTO_INCREMENT, AUTO_INCREMENT=13;

--
-- AUTO_INCREMENT для таблицы `registration_inspection_child`
--
ALTER TABLE `registration_inspection_child`
  MODIFY `id` int(11) NOT NULL AUTO_INCREMENT, AUTO_INCREMENT=13;

--
-- AUTO_INCREMENT для таблицы `registration_inspection_child_arxiv`
--
ALTER TABLE `registration_inspection_child_arxiv`
  MODIFY `id` int(11) NOT NULL AUTO_INCREMENT, AUTO_INCREMENT=13;

--
-- AUTO_INCREMENT для таблицы `registration_palata`
--
ALTER TABLE `registration_palata`
  MODIFY `id` int(11) NOT NULL AUTO_INCREMENT, AUTO_INCREMENT=12;

--
-- AUTO_INCREMENT для таблицы `registration_palata_arxiv`
--
ALTER TABLE `registration_palata_arxiv`
  MODIFY `id` int(11) NOT NULL AUTO_INCREMENT, AUTO_INCREMENT=9;

--
-- AUTO_INCREMENT для таблицы `registration_pay`
--
ALTER TABLE `registration_pay`
  MODIFY `id` int(11) NOT NULL AUTO_INCREMENT, AUTO_INCREMENT=20;

--
-- AUTO_INCREMENT для таблицы `registration_pay_arxiv`
--
ALTER TABLE `registration_pay_arxiv`
  MODIFY `id` int(11) NOT NULL AUTO_INCREMENT, AUTO_INCREMENT=20;

--
-- AUTO_INCREMENT для таблицы `registration_recipe`
--
ALTER TABLE `registration_recipe`
  MODIFY `id` int(11) NOT NULL AUTO_INCREMENT;

--
-- AUTO_INCREMENT для таблицы `registration_recipe_arxiv`
--
ALTER TABLE `registration_recipe_arxiv`
  MODIFY `id` int(11) NOT NULL AUTO_INCREMENT;

--
-- AUTO_INCREMENT для таблицы `room`
--
ALTER TABLE `room`
  MODIFY `id` int(11) NOT NULL AUTO_INCREMENT, AUTO_INCREMENT=5;

--
-- AUTO_INCREMENT для таблицы `settings`
--
ALTER TABLE `settings`
  MODIFY `id` int(11) NOT NULL AUTO_INCREMENT, AUTO_INCREMENT=2;

--
-- AUTO_INCREMENT для таблицы `shablon_doctor`
--
ALTER TABLE `shablon_doctor`
  MODIFY `id` int(11) NOT NULL AUTO_INCREMENT;

--
-- AUTO_INCREMENT для таблицы `sori`
--
ALTER TABLE `sori`
  MODIFY `id` int(11) NOT NULL AUTO_INCREMENT;

--
-- AUTO_INCREMENT для таблицы `uplata`
--
ALTER TABLE `uplata`
  MODIFY `id` int(11) NOT NULL AUTO_INCREMENT, AUTO_INCREMENT=3;

--
-- AUTO_INCREMENT для таблицы `user`
--
ALTER TABLE `user`
  MODIFY `id` int(11) NOT NULL AUTO_INCREMENT, AUTO_INCREMENT=10;
COMMIT;

/*!40101 SET CHARACTER_SET_CLIENT=@OLD_CHARACTER_SET_CLIENT */;
/*!40101 SET CHARACTER_SET_RESULTS=@OLD_CHARACTER_SET_RESULTS */;
/*!40101 SET COLLATION_CONNECTION=@OLD_COLLATION_CONNECTION */;
